RxnID,MaxFlux
12DGR120tipp,24.7288096392163
12DGR140tipp,24.7288135814411
12DGR141tipp,24.7288100149822
12DGR160tipp,24.7288147322077
12DGR161tipp,24.7288090360888
12DGR180tipp,24.7288102548078
12DGR181tipp,24.7288082462038
12PPDRtex,3.2254969578504
12PPDRtpp,3.22549694171525
12PPDStex,3.22549676517344
12PPDStpp,3.22549696903289
2AGPA120tipp,7.67445978285422
2AGPA140tipp,7.67445851825085
2AGPA141tipp,7.67445839891559
2AGPA160tipp,7.6744586107637
2AGPA161tipp,7.67445946856642
2AGPA180tipp,7.67445819753766
2AGPA181tipp,7.67445939244034
2AGPE120tipp,11.1279624877603
2AGPE140tipp,11.1279649143388
2AGPE141tipp,11.1279640916404
2AGPE160tipp,11.1279641759341
2AGPE161tipp,11.1279622560752
2AGPE180tipp,11.1279649113471
2AGPE181tipp,11.1279632271931
2AGPEAT120,11.1279666060709
2AGPEAT140,11.1279634828121
2AGPEAT141,11.1279638212908
2AGPEAT160,11.1279652538241
2AGPEAT161,11.1279649513772
2AGPEAT180,11.1279622134983
2AGPEAT181,11.1279640792062
2AGPG120tipp,11.127965992901
2AGPG140tipp,11.1279641651998
2AGPG141tipp,11.1279644881959
2AGPG160tipp,11.1279630266172
2AGPG161tipp,11.127965025186
2AGPG180tipp,11.1279657227132
2AGPG181tipp,11.1279650652654
2AGPGAT120,11.127966422567
2AGPGAT140,11.1279656009489
2AGPGAT141,11.1279645578297
2AGPGAT160,11.1279662224409
2AGPGAT161,11.1279648030804
2AGPGAT180,11.1279628940943
2AGPGAT181,11.1279648403014
2DDARAA,0.000140549858656414
2MAHMP,55.6398194677154
3AMACHYD,2.88760999629274
3HAD100,4.58886597938114
3HAD120,6.64358208955171
3HAD121,4.14632478632478
3HAD140,6.64358208955238
3HAD141,4.14632478632479
3HAD160,6.64358208955227
3HAD161,6.64358208955222
3HAD180,6.64358208955264
3HAD181,6.64358208955219
3HAD40,2.53989528795811
3HAD60,2.53989528795799
3HAD80,2.53989528795795
3HPPtex,2.88761033935854
3HPPtpp,2.88761023559595
3OAR100,4.58886597938113
3OAR120,6.64358208955309
3OAR121,4.14632478632477
3OAR140,6.64358208955264
3OAR141,4.14632478632477
3OAR160,6.64358208955218
3OAR161,6.64358208955222
3OAR180,6.64358208955218
3OAR181,6.6435820895522
3OAR40,2.53989528795807
3OAR60,2.53989528795807
3OAR80,2.53989528795807
3OAS100,4.58886597938145
3OAS120,6.64358208955221
3OAS121,4.14632478632477
3OAS140,6.64358208955222
3OAS141,4.14632478632583
3OAS160,6.64358208955397
3OAS161,6.64358208955219
3OAS180,6.64358208955222
3OAS181,6.64356132742012
3OAS60,2.53989528795811
3OAS80,2.53989528795843
3PEPTabcpp,4.19924528301859
3PEPTtex,0.767592548773536
4ABZGLUH,1.0481597491692
4ABZGLUtex,1.04815976763497
4ABZGLUtr,1.04815977637481
4HTHRA,0.000140556367909994
4HTHRK,0.000140556367921093
4PCP,4.45118585784706
4PCPpp,4.04653336429973
4PEPTabcpp,4.1214814814815
4PEPTtex,0.660924370681779
5DGLCNR,121.279632238398
5DGLCNt2rpp,2.31832598655628
5DGLCNtex,2.31832638253837
5DKGR,121.279641188643
5DOAN,0.83930795847757
5MTRtex,0.63193905034545
5MTRtpp,0.631938995668347
A5PISO,0.191174763000845
AACPS1,27.8199108360512
AACPS2,27.8199119433611
AACPS3,27.8199157481687
AACPS4,27.8199110165397
AACPS5,27.8199110220642
AACPS6,27.8199113922119
AACPS7,27.819911453968
AACPS8,27.8199123127218
AACPS9,27.8199135224303
AACTOOR,11.4675555855559
AADDGT,0.168180813877374
ABTA,17.6744485041351
ABUTD,13.1425398111908
ABUTt2pp,1000
ABUTtex,3.22549702048111
ACACT1r,2.5398877400311
ACACT2r,2.53988776033064
ACACT3r,2.53988765372846
ACACT4r,4.58885199321027
ACACT5r,6.64356212011802
ACACT6r,6.64356216014841
ACACT7r,6.64356218427283
ACACT8r,6.64356214980649
ACALD,121.279633898735
ACALDtex,6.18220195031501
ACALDtpp,6.18220259374951
ACCOAC,55.6399999999999
ACCOAL,1000
ACGAMK,4.54202582094353
ACGAMT,0.16818081350413
ACGK,14.2732992149799
ACGS,14.2732991396432
ACHBS,1.74503074403712
ACKr,65.639999999974
ACLS,2.42559268578857
ACM6PH,4.542027045238
ACMAMUT,0.168180794149684
ACOAD1f,1000
ACOAD1fr,1000
ACOAD2f,2.53988783113582
ACOAD3f,2.53988779638087
ACOAD4f,4.58885197261669
ACOAD5f,6.64356000512407
ACOAD6f,6.64356180911474
ACOAD7f,6.64356231632129
ACOAD8f,6.64356223387041
ACOATA,55.64
ACODA,14.2732969203296
ACONTa,30.1706101712633
ACONTb,30.1706070702543
ACOTA,14.2733011130841
ACP1_FMN,55.6398123542698
ACPPAT120,27.819915963239
ACPPAT140,27.8199136959154
ACPPAT141,27.8199117269641
ACPPAT160,27.8199083835553
ACPPAT161,27.8199110504147
ACPPAT180,27.8199175309588
ACPPAT181,27.8199064888713
ACS,55.6398148038874
ACSERtex,2.95803965638464
ACSERtpp,2.95803951721796
ACt2rpp,998.902373246483
ACt4pp,1000
ACtex,0
ADA,24.2559299161187
ADCL,1.04815975975847
ADCS,1.04815984017345
ADD,24.2559240379556
ADEt2rpp,2.38974594973527
ADEtex,2.3897464725434
ADK1,1000
ADK3,1000
ADK4,55.6399999999963
ADMDC,0.631938697032142
ADNCYC,27.8199116871054
ADNK1,55.6399999999998
ADNUC,55.6398243294154
ADNt2pp_copy1,1000
ADNt2pp_copy2,1000
ADNtex,1.21124606068509
ADPRDP,7.948546055766
ADPT,27.8200000000001
ADSK,4.75606375714478
ADSL1r,24.2559264932147
ADSL2r,4.21842192605703
ADSS,24.2559255729065
AGDC,9.08405282930111
AGM3PA,4.54202642731705
AGM3PApp,4.19924528301916
AGM3PH,4.54202723461194
AGM3Pt2pp,4.54202650477285
AGM4PA,4.45118655066306
AGM4PApp,4.1214814814815
AGM4PCP,4.45118535229631
AGM4PCPpp,4.36390785346322
AGM4PH,4.45118644625415
AGM4Pt2pp,4.45118670380985
AGMH,4.54202710924814
AGMHE,0.168180814323279
AGMT,8.55997262628481
AGMt2pp,4.19923156368747
AGMtex,2.05558646111304
AGPAT120,7.67448275862069
AGPAT140,7.67448275862068
AGPAT141,7.67448275862068
AGPAT160,7.67448275862071
AGPAT161,7.67448275862069
AGPAT180,7.67448275862068
AGPAT181,7.67448275862074
AGPR,14.2733333333331
AHCYSNS,9.40394366197247
AHGDx,30.6279379257777
AI2K,9.40391217638827
AI2abcpp,55.6398230127477
AI2tex,2.14687446022424
AI2tpp,55.6398245715043
AICART,4.21842025675667
AIRC2,4.21842176955149
AIRC3,4.21842245812932
AKGDH,18.9837037037036
AKGt2rpp,0
AKGtex,0
ALAALAD,55.639813600672
ALAALAabcpp,4.54204081632642
ALAALAr,55.6399999999996
ALAALAtex,1.60635221846088
ALAGLUE,3.90454913311805
ALAR,26.9510295181772
ALATA_D2,26.9511111111113
ALATA_L,1000
ALATA_L2,26.9511111111111
ALAabcpp,55.6398244152665
ALAt2pp,222.559302426723
ALAt4pp,222.55927082982
ALAtex,4.85118489163001
ALAtpp,222.559294739542
ALCD19,55.6398246889025
ALCD2x,5.1757986025655
ALDD2y,55.6398257205299
ALKP,55.6398303464806
ALLTAMH2,4.2184211678557
ALLTN,4.21842134123232
ALLTNt2rpp,3.01315856962351
ALLTNtex,3.01315856412362
ALR2,3.22549735174433
ALR2x,3.2254968512904
ALR4x,3.22549649722468
AM3PA,4.54202569950699
AM4PA,4.45118633394338
AM4PCP,4.45118671128855
AMALT1,-0
AMALT2,-0
AMALT3,-0
AMALT4,-0
AMAOTr,4.20197352468676e-07
AMPMS2,4.68520075348197e-05
AMPN,55.6398220739223
AMPTASECG,13.0917233125669
ANHGMtex,0.604780586522758
ANHMK,4.54202721048047
ANPRT,1.20302320877332
ANS,1.20302321656163
AOBUTDs,11.4675587273857
AOXSr2,4.20197376993895e-07
AP4AH,27.8199135343064
AP4AS,27.8199163249853
APG3PAT120,7.67445714381489
APG3PAT140,7.67445950789981
APG3PAT141,7.6744586134909
APG3PAT160,7.67445829475408
APG3PAT161,7.67445811735412
APG3PAT180,7.67445984141832
APG3PAT181,7.67445873491393
APH120,27.8199130015435
APH140,27.8199117312473
APH141,27.8199059193489
APH160,27.8199122184871
APH161,27.819913031145
APH180,27.8199172819799
APH181,27.8199115390615
APRAUR,0.606430517711172
ARBTNR1,8.90237168758923
ARBTNR2,8.90237175902856
ARBTNR3,8.9023717342265
ARBTNabcpp,17.8047433509445
ARBTNexs,17.8047432483364
ARBTNtex,17.804743417829
ARBTNtonex,17.8047437443062
ARBTNtpp,17.8047453014744
ARBabcpp,74.1866666666667
ARBt2rpp,111.27963525606
ARBt3ipp,111.27965129891
ARGAGMt7pp,8.24293587465867
ARGDC,8.55997001215046
ARGDCpp,8.24293662187982
ARGORNt7pp,111.279647195014
ARGSL,8.66282975541412
ARGSS,8.6628302800743
ARGabcpp,44.5118606756799
ARGt3pp,111.280000000013
ARGtex,2.03831290924422
ASAD,13.1113513513513
ASNN,27.8199106534629
ASNNpp,31.7942857142858
ASNS1,20.2326606392307
ASNS2,31.7941847582262
ASNt2rpp,31.794183872564
ASNtex,3.91224556218042
ASP1DC,0.000141606863944426
ASPCT,3.85014751393387
ASPK,13.111311672351
ASPO3,0.000478605988227464
ASPO4,0.000478605988227466
ASPO5,0.000478605988227534
ASPO6,0.000478605988227468
ASPT,121.279634135655
ASPTA,121.280000000016
ASPabcpp,55.6400000000069
ASPt2_2pp,111.279631379491
ASPt2_3pp,74.1864319776072
ASPt2pp,222.559294737584
ASPtex,4.410168241945
ASPtpp,1000
AST,8.66285714285654
ATHRDHr,121.279654065816
ATPHs,17.3256569036005
ATPM,62.499824454077
ATPPRT,1.81239818983121
ATPS4rpp,81.0466666666666
BPNT,4.75606413937097
BTS5,4.20197376993894e-07
CA2t3pp,1000
CA2tex,0.00109356636028224
CADVtpp,1.86584027498437
CAT,19.999974899089
CAt6pp,1000
CBMD,2.88761014346283
CBMKr,27.8199999999999
CBPS,27.8199168360114
CD2abcpp,55.6398229805549
CD2t3pp,222.559302972406
CD2tpp,222.559330852355
CDAPPA120,27.8199121175281
CDAPPA140,27.8199156234848
CDAPPA141,27.8199148899494
CDAPPA160,27.819911821021
CDAPPA161,27.8199118579206
CDAPPA180,27.8199121763155
CDAPPA181,27.8199130794328
CDGUNPD,13.9099539031334
CDPMEK,2.38899999999998e-09
CDPPH,55.639822232854
CGLYabcpp,13.0917256120942
CGLYtex,1.55486716581516
CHLabcpp,44.5118650914371
CHLt2pp,111.279665022233
CHLt3pp,111.279650445513
CHORM,1.27887145966368
CHORS,1.27887150768923
CHRPL,4.68496100845925e-05
CITL,55.6398140610805
CITt3pp,222.559333037584
CITt7pp,222.559321235145
CITtex,35.6094880726519
CLPNH120pp,11.1279635131109
CLPNH140pp,11.1279609407766
CLPNH141pp,11.1279608322005
CLPNH160pp,11.127964457587
CLPNH161pp,11.1279661042825
CLPNH180pp,11.1279663344858
CLPNH181pp,11.1279646412749
CLPNS120pp,11.1279661296335
CLPNS140pp,11.1279648977542
CLPNS141pp,11.1279660088409
CLPNS160pp,11.1279641190439
CLPNS161pp,11.1279660378259
CLPNS180pp,11.1279641638743
CLPNS181pp,11.127963426645
CLt3_2pp,0.00054678318014145
CLtex,0.00109356636028224
CLtipp,0.00109356367362774
CMPN,18.5466084610757
CMtex,222.559304992012
CMtpp,222.55933288319
CO2tex,19.9999737007038
CO2tpp,21.4937937839809
COBALT2abcpp,55.6398224014621
COBALT2t3pp,222.559330076762
COBALT2tex,3.00921222270816e-06
COBALT2tpp,222.560000000001
COLIPAabcpp,0.0420453400503808
CPGNR1,8.90237125047628
CPGNR2,8.90237199622934
CPGNR3,8.90237378513279
CPGNUtex,17.804745658556
CPGNUtpp,17.8047427117649
CPGNabcpp,17.8047397773403
CPGNexs,17.8047400792413
CPGNtonex,17.8048
CPPPGO,0.329564224182771
CPPPGO2,0.253100009783958
CRNDabcpp,74.1864435567659
CRNDt2rpp,1000
CRNabcpp,74.1864335534175
CRNt2rpp,1000
CRNt8pp,1000
CS,65.6398174599719
CSND,18.5466067706727
CTBTabcpp,74.1864337728208
CTBTt2rpp,74.1864265408099
CTECOAI6,6.64356234989373
CTECOAI7,6.64356211801445
CTECOAI8,6.64356150586096
CTPS2,18.5466666666655
CU2abcpp,55.6398232856788
CU2tex,0.000148960336105119
CU2tpp,55.6398145911877
CYSDS,17.3256608601614
CYSS,17.3256607199877
CYSTL,1.39002436843449
CYSabc2pp,27.8199999999982
CYSabcpp,55.6398246358237
CYStex,2.28829520473541
CYStpp,55.6398316538087
CYTBD2pp,39.9999504587999
CYTBDpp,40
CYTBO3_4pp,40
CYTD,18.5466068632035
CYTDH,13.9099550173369
CYTDK1,55.6398342228124
CYTDK2,55.6398244385443
CYTDt2pp_copy1,1000
CYTDt2pp_copy2,1000
CYTDtex,1.42059108727097
CYTK1,55.6399999999999
CYTK2,27.8200000000018
DAAD,18.6584615384615
DADA,24.2559255948385
DADK,27.8199999999999
DAGK120,55.6398248147181
DAGK140,55.6398235870477
DAGK141,55.6398309872807
DAGK160,55.6398106373373
DAGK161,55.639816523878
DAGK180,55.6398188563501
DAGK181,55.6398249160128
DALAt2pp,8.72781523105156
DALAtex,0
DAPDC,1.86584050128176
DAPE,1.86584615384618
DAPtex,1.86583984283401
DASYN120,27.8199999999999
DASYN140,27.8200000000072
DASYN141,27.8200000000002
DASYN160,27.8199999999982
DASYN161,27.8199999999996
DASYN180,27.8199999999999
DASYN181,27.8199999999982
DATPHs,8.56091542924725
DB4PS,1.21286103542234
DBTS,4.20197376993891e-07
DCTPD,7.99645907192593
DCYTD,10.8608622708262
DDPA,1.27887521968367
DGK1,27.8199999999999
DGUNC,13.909958026517
DHAD1,2.42559257006469
DHAD2,1.74503071677061
DHAPT,27.819999999998
DHAtex,4.04653268826472
DHAtpp,4.04653343184193
DHBD,1.16428437854984
DHBS,13.9099562464192
DHBSH,13.9099558525357
DHDPRy,1.86584615384616
DHDPS,1.86584615384654
DHFR,2.46253807106598
DHFS,0.000140556367921094
DHGLYH,0.839305275059593
DHNPA2r,0.000140556367909994
DHORD2,3.85014701194843
DHORD5,3.85014655128908
DHORDfum,3.85014772843268
DHORTS,3.85014741259821
DHPPDA2,0.60643051771117
DHPS2,0.0001405563679211
DHPTDCs2,2.14687425038285
DHQS,1.2788714739667
DHQTi,1.27887144817758
DMATT,2.78e-10
DMPPS,2.389e-09
DNMPPA,0.000140556367921094
DNTPPA,6.68999999999938e-10
DOXRBCNtex,222.559328358118
DOXRBCNtpp,222.559296914322
DPCOAK,6.73999522859958e-10
DPR,0.000141606863944428
DRPA,16.9227396052149
DSERDHr,24.2559291643431
DTMPK,27.8199999999999
DURIK1,55.6400000000069
DURIPP,10.8608639300478
DUTPDP,10.8608955223881
DXPRIi,2.38899999999998e-09
DXPS,2.835e-09
DXYLONtex,0.000140549858656414
DXYLONtpp,0.000140549858656414
DXYLTD,0.000140549858606619
D_LACt2pp,0
D_LACtex,0
E4PD,6.6904703999171e-10
EAR100x,4.58886597938204
EAR100y,4.45064220183485
EAR120x,6.64358208955224
EAR120y,6.46826666666663
EAR121x,4.14632478632477
EAR121y,4.00925619834709
EAR140x,6.64358208955365
EAR140y,6.46826666666749
EAR141x,4.14632478632478
EAR141y,4.00925619834711
EAR160x,6.64358208955224
EAR160y,6.4682666666683
EAR161x,6.64358208955222
EAR161y,6.46826666666667
EAR180x,6.64358208955228
EAR180y,6.46826666666667
EAR181x,6.64358208955185
EAR181y,6.4682666666674
EAR40x,2.53989528795813
EAR40y,2.48779487179486
EAR60x,2.5398952879581
EAR60y,2.48779487179487
EAR80x,2.53989528795795
EAR80y,2.48779487179519
ECA4COLIPAabctex,0.0420453400503777
ECA4OALpp,0.0420451989045474
ECAP1pp,0.0420453400503781
ECAP2pp,0.0420453400503779
ECAP3pp,0.0420453400503778
ECAtpp,0.168180758514594
ECOAH1,2.53988788160609
ECOAH2,2.53988744877051
ECOAH3,2.53988782020723
ECOAH4,4.58885202165991
ECOAH5,6.64356045091843
ECOAH6,6.64356211785964
ECOAH7,6.64356185552113
ECOAH8,6.64356138945292
EDA,18.5466109931444
EDD,18.5466076335946
EDTXS1,0.0955873593048588
EDTXS2,0.0955873735562929
EGMEACPR,-0
ENLIPAabctex,0.0955876879026487
ENO,25.8399195820388
ENTCS,4.63665206535378
ENTERES,4.63665214874425
EPMEACPR,2e-12
ETHAAL,5.05331748767776
ETHAt2pp,4.19923186566872
ETHAtex,2.52908278559951
ETOHtex,5.17579759140414
ETOHtrpp,5.17579700842272
F6PA,55.6398172005149
F6PP,55.6398236355684
FA100ACPHi,27.8199165528655
FA120ACPHi,27.8199124795638
FA140ACPHi,27.8199114964555
FA141ACPHi,27.8199105158415
FA160ACPHi,27.8199117659405
FA161ACPHi,27.8199152094664
FA80ACPHi,27.8199099824161
FACOAE100,6.64356164230623
FACOAE120,12.0302299613417
FACOAE140,12.0302342127804
FACOAE141,12.0302324981361
FACOAE160,12.0302316281866
FACOAE161,12.0302318294388
FACOAE180,12.0302334059862
FACOAE181,12.0302306635457
FACOAE60,55.6398287578818
FACOAE80,4.58885172414563
FACOAL120t2pp,12.0302319634999
FACOAL140t2pp,12.0302299700491
FACOAL141t2pp,12.0302318775813
FACOAL160t2pp,12.0302341024667
FACOAL161t2pp,12.0302343575218
FACOAL180t2pp,12.0302318073936
FACOAL181t2pp,12.0302337664789
FACOAL60t2pp,27.8199127038996
FADRx,20.0947751597165
FADRx2,18.6584083857826
FADt,0.399807048841819
FADtex,0.399806971170733
FBA,55.6399999999998
FBA3,55.6399999999962
FBP,55.6398266199277
FCLT,0.329565217391304
FDH4pp,39.9999503958783
FDH5pp,39.9999504623745
FE2abcpp,44.5118653182175
FE2t2pp,111.2796708083
FE2t3pp,222.559299571944
FE2tex,1000
FE2tpp,222.559322871062
FE3DCITabcpp,17.8047423829279
FE3DCITexs,17.8047433925984
FE3DCITtonex,17.8048000000044
FE3HOXR1,8.90237070981949
FE3HOXR2,8.90237146505995
FE3HOXR3,8.90237342031673
FE3HOXUtex,17.8047434484522
FE3HOXUtpp,17.8047427910019
FE3HOXabcpp,17.8047433260622
FE3HOXexs,17.8047456516509
FE3HOXtonex,17.8048
FE3Ri,20.0947737342915
FE3abcpp,23.4272936934134
FE3tex,1000
FECRMR1,8.90237177018256
FECRMR2,8.90236841932327
FECRMR3,8.90237213257574
FECRMUtex,17.8047433615749
FECRMUtpp,17.8047457331566
FECRMabcpp,17.8047406041766
FECRMexs,17.8047433045483
FECRMtonex,17.8048000000028
FEENTERR1,8.90237168047324
FEENTERR2,8.90237011815783
FEENTERR3,8.90237176794725
FEENTERR4,8.90236916689081
FEENTERabcpp,17.8048
FEENTERexs,17.8047459909194
FEENTERtex,17.8047464748733
FEENTERtonex,17.8047999999988
FEENTERtpp,17.8047429821834
FEOXAMR1,8.90237303320563
FEOXAMR2,8.9023727140607
FEOXAMR3,8.90236993100693
FEOXAMUtex,17.8047429415408
FEOXAMUtpp,17.8047430333468
FEOXAMabcpp,17.8047436695351
FEOXAMexs,17.8047429512377
FEOXAMtonex,17.8048000000044
FEROpp,253.751561082001
FESD1s,19.9999748449454
FESR,39.9999497407944
FLDR2,121.279638854272
FLVR,8.90237336493666
FLVRx,8.90236904470745
FMNAT,0.399808383233489
FMNRx,8.90237059266985
FMNRx2,8.90237193179159
FMNt,0.606428480260139
FMNtex,0.60642851148175
FOMETRi,1000
FORt2pp,222.559260529136
FORtex,24.2559257169022
FORtppi,222.559325698303
FRD2,39.9999504409704
FRD3,39.999947788398
FTHFD,55.6399999999998
FTHFLi,55.6398218627067
FUM,131.279640379035
FUMt1pp,1000
FUMt2_2pp,111.279665903747
FUMt2_3pp,74.1864303197597
FUMtex,4.54202552580386
FUSAtex,222.559301798178
FUSAtpp,222.559299824609
G1PACT,9.08408163265577
G1PP,55.639820812398
G1PTT,0.210226025137783
G1SAT,2.63652173913044
G3PAT120,7.6744573741394
G3PAT140,7.67445823972678
G3PAT141,7.67445936594378
G3PAT160,7.6744568530673
G3PAT161,7.67445806049246
G3PAT180,7.67445923457117
G3PAT181,7.67445607910097
G3PD2,55.6398336822916
G3PD5,38.2849228327781
G3PD6,38.2849240544337
G3PD7,38.2849195286318
G3PEabcpp,3.97427282985112
G3PEtex,1.48372881791707
G3PGabcpp,4.27998676034709
G3PGtex,1.32475768248871
G3PT,55.6398229302396
G5SADs,40.426543692193
G5SD,40.4265436934482
G6PDA,55.6398338431886
G6PDH2r,38.6775
G6PP,55.6398327672382
GALKr,0
GALT1,0.0420451969441198
GALUi,27.819999999998
GALabcpp,-0
GALt2pp,-0
GALtex,0
GAMptspp,0
GAMtex,0
GAPD,18.5466666666689
GAPP,55.6398314282791
GARFT,55.6398223320493
GART,55.6398224970296
GCALDD,0.000140555716962502
GDPDPK,27.8199162504214
GDPMNH,55.6398240457598
GDPMNP,55.6398321927293
GDPTPDP,27.8199123729301
GF6PTA,55.640000000014
GGGABADr,9.67648910377742
GGGABAH,9.67649214106259
GGPTRCO,9.67649048944617
GGPTRCS,9.67649208032718
GHMT2r,11.5958620689651
GK1,55.6399999999999
GLBRAN2,1000
GLCDpp,-0
GLCNt2rpp,0
GLCNtex,0
GLCP,55.6398297848922
GLCP2,55.6398316899802
GLCS1,55.63981307349
GLCTR1,0.042045203673984
GLCTR2,0.0420452014824386
GLCTR3,0.0420451970678653
GLCabcpp,-0
GLCptspp,-0
GLCt2pp,-0
GLCtex_copy1,1000
GLCtex_copy2,999.70807728837
GLDBRAN2,1000
GLGC,55.6398311498657
GLNS,55.6398236775151
GLU5K,40.4265444755684
GLUABUTt7pp,1000
GLUCYS,13.091723538229
GLUDC,17.6744479908866
GLUDy,121.279653157565
GLUN,55.6398208032133
GLUPRT,4.21842234263708
GLUR,3.90456140350875
GLUSy,55.6398263970639
GLUTRR,2.63651306250538
GLUTRS,2.63652173913043
GLUabcpp,74.1866666666859
GLUt2rpp,1000
GLUt4pp,1000
GLUtex,3.17941899089298
GLXCL,15.0853020495192
GLYALDtex,4.04653263863738
GLYALDtpp,4.04653256236388
GLYAT,121.279619285772
GLYBabcpp,44.5118593669618
GLYBt2pp,111.279648316596
GLYBt3pp,111.279640755806
GLYC3Pabcpp,5.56398225712525
GLYC3Pt6pp,6.01511730988971
GLYC3Ptex,2.24807362849185
GLYCAt2rpp,5.15427061193805
GLYCAtex,5.15427057910937
GLYCDx,55.6398247340942
GLYCK,55.6398207865948
GLYCK2,55.639835452583
GLYCL,13.8566666666676
GLYCLTDx,38.285
GLYCLTDy,38.2849999999999
GLYCLTt2rpp,1000
GLYCLTt4pp,1000
GLYCLTtex,8.90237051109103
GLYCTO2,38.284922800255
GLYCTO3,38.2849282646307
GLYCTO4,38.2849284587785
GLYCtex,0
GLYCtpp,11.1279661430855
GLYK,55.6398250592601
GLYOX,18.546607445059
GLYOX3,18.5466097737626
GLYt2pp,222.559288557106
GLYt4pp,222.559321614551
GLYtex,6.55565647661366
GLYtpp,222.559257671768
GMHEPAT,0.168180787777765
GMHEPK,0.168180793655383
GMHEPPA,0.168180784483379
GMPR,24.2559262268467
GMPS,24.2559291380282
GMPS2,17.3256617102614
GND,38.6774144980616
GNK,55.6398077428172
GNP,55.6398247805215
GPDDA2,5.0533175138212
GPDDA2pp,4.19923193831597
GPDDA4,5.56398254355799
GPDDA4pp,4.63665249524972
GRTT,2.78e-10
GRXR,16.9227906976755
GSNK,55.6398262997345
GSNt2pp,111.279649572675
GSNt3pp,111.279665523597
GSNtex,1.21839034647651
GSPMDA,55.6398124126937
GSPMDS,55.6398115547841
GTHOr,18.6584615384616
GTHPi,18.6584615384662
GTHRDHpp,13.0917228662823
GTHRDabc2pp,27.8200000000002
GTHRDabcpp,27.8199162717981
GTHRDtex,1.04551394093811
GTHS,13.0917647058823
GTPCI,6.69000000000044e-10
GTPCII2,0.606430517711113
GTPDPDP,18.5466078475595
GTPDPK,27.8199117692505
GTPHs,13.9099556557321
GUACYC,27.8199122535182
GUAD,13.909955528384
GUAPRT,27.8199146857925
GUAt2pp,222.559296412736
GUAtex,2.47288122617817
GUAtpp,222.559292723496
H2Otex,532.364401340951
H2Otpp,51.7941846840659
H2SO,4.664600823742
H2St1pp,4.75606453162283
H2Stex,4.75606327714764
HACD1,2.53988509438038
HACD2,2.53988775463233
HACD3,2.53988776829692
HACD4,4.58885198955167
HACD5,6.64356216152623
HACD6,6.64356029385895
HACD7,6.64356188566457
HACD8,6.6435612209243
HBZOPT,4.68520075348196e-05
HCO3E,55.6399999999999
HCYSMT,9.40391422693486
HEPK1,0.0420452047861196
HEPK2,0.0420451890362532
HEPT1,0.0420453400503772
HEPT2,0.0420451972570085
HEPT3,0.0420451981358452
HEPT4,0.0420451937193316
HEX1,55.6398266005469
HEX4,55.6398206301892
HEX7,55.6398325222964
HEXt2rpp,27.819915903764
HISTD,1.81239781907996
HISTP,1.81239756103283
HISabcpp,74.186442561374
HISt2rpp,74.1864203221782
HIStex,1.81239756149184
HMBS,0.329565217391305
HOMt2pp,3.15012094154705
HOMtex,3.15012023193756
HPPK2,6.69e-10
HPYRI,1000
HPYRP,55.6398255785388
HPYRRx,1000
HPYRRy,121.28
HSDy,13.1113122910878
HSK,13.1113134188081
HSST,1.39002433091124
HSTPT,1.81239787087455
HXAND,13.4755142624423
HXAtex,1.93529759284818
HXCT,55.6398269812379
HXPRT,27.8199077226786
HYPOE,55.6398250736985
HYXNtex,2.52781833222137
HYXNtpp,2.52781818902486
Htex,1000
I2FE2SR,2e-12
I2FE2SS,2.88e-10
I2FE2SS2,2.6e-10
I2FE2ST,2.8e-11
I4FE4SR,2.6e-10
I4FE4ST,2.6e-10
ICDHyr,18.9836698695232
ICHORS_copy1,1000
ICHORS_copy2,1000
ICHORT,1.16428414233491
ICL,30.1706062820896
ICYSDS,1.319e-09
IDOND,121.27962448732
IDOND2,121.279634466538
IDONt2rpp,2.16076996047279
IDONtex,2.16076937050401
IG3PS,1.81239777905408
IGPDH,1.81239787074006
IGPS,1.20302282372083
ILETA,1.74503089020565
ILEabcpp,44.5118587088416
ILEt2rpp,111.279648227216
ILEt3pp,111.279663796858
ILEtex,1.74503030613007
IMPC,4.21842173332039
IMPD,24.2559233624324
INDOLEt2pp,1000
INDOLEt2rpp,1000
INDOLEtex,1.20302316222592
INSH,55.6398107363855
INSK,55.6398181534817
INSt2pp,111.279626251111
INSt3pp,111.279645131478
INStex,1.23187786374993
IPDDI,0.000443519421082783
IPDPS,2.389e-09
IPMD,1.95612279824303
IPPMIa,1.95612284435414
IPPMIb,1.95612269718846
IPPS,1.95612255143593
K2L4Aabcpp,1.9456e-08
K2L4Aabctex,1.9456e-08
KARA1,2.42559246866804
KARA2,1.74503092261304
KAS14,2.53989528795843
KAS15,2.53989528795811
KDOCT2,0.191175375805297
KDOPP,0.191174761720521
KDOPS,0.191174758533807
Kabcpp,44.5118614225557
Kt2pp,111.279644302783
Kt3pp,111.279635929047
Ktex,0.0410098940562875
LADGMDH,3.9045614035093
LALDO2x,3.22549733272699
LALDO3,14.2681908920831
LALGP,3.90454900179628
LCADi,14.2681916425642
LCARS,121.279651175556
LCARSyi,121.279643628575
LCTSt3ipp,111.279664507867
LCTStpp,111.279662890529
LDGUNPD,13.9099576486243
LDH_D,38.2849214725022
LDH_D2,38.2849283842879
LEUTAi,1.95612903225806
LEUabcpp,44.5118558037032
LEUt2rpp,111.279648336466
LEUt3pp,111.279665335027
LEUtex,1.95612258480064
LGTHL,18.5466039005496
LIPAabcpp,0.0955876879026483
LPADSS,0.0955876879026486
LPLIPAL1A120pp,6.01511606138261
LPLIPAL1A140pp,6.01511694238237
LPLIPAL1A141pp,6.01511677409466
LPLIPAL1A160pp,6.01511507550721
LPLIPAL1A161pp,6.01511589472937
LPLIPAL1A180pp,6.01511709506948
LPLIPAL1A181pp,6.01511597071318
LPLIPAL1E120pp,4.19923172971029
LPLIPAL1E140pp,4.1992317559959
LPLIPAL1E141pp,4.19923187094141
LPLIPAL1E160pp,4.19923244136988
LPLIPAL1E161pp,4.19923170999253
LPLIPAL1E180pp,4.19923193288343
LPLIPAL1E181pp,4.19923193411594
LPLIPAL1G120pp,4.63665059341834
LPLIPAL1G140pp,4.63665292280201
LPLIPAL1G141pp,4.63665184551266
LPLIPAL1G160pp,4.63665211768911
LPLIPAL1G161pp,4.63665249824294
LPLIPAL1G180pp,4.63665284561584
LPLIPAL1G181pp,4.63665271235513
LPLIPAL2A120,7.67445849692017
LPLIPAL2A140,7.67445842029677
LPLIPAL2A141,7.67445865252738
LPLIPAL2A160,7.67445769491758
LPLIPAL2A161,7.6744585994585
LPLIPAL2A180,7.67445826319142
LPLIPAL2A181,7.67445915485252
LPLIPAL2E120,5.0533172925473
LPLIPAL2E140,5.05331851362094
LPLIPAL2E141,5.05331769855605
LPLIPAL2E160,5.05331834029567
LPLIPAL2E161,5.05331771048762
LPLIPAL2E180,5.0533178756586
LPLIPAL2E181,5.05331789433137
LPLIPAL2G120,5.56398259956357
LPLIPAL2G140,5.56398316947392
LPLIPAL2G141,5.56398247404795
LPLIPAL2G160,5.56398253879554
LPLIPAL2G161,5.56398301837318
LPLIPAL2G180,5.56398271312258
LPLIPAL2G181,5.56398164600688
LSERDHr,24.2559247924372
LYSDC,1.86583988643149
LYSabcpp,44.5118533228977
LYSt2pp,111.27966057669
LYSt3pp,111.280000000006
LYStex,1.86584005702782
L_LACD2,14.2681898094535
L_LACD3,14.2681886223167
L_LACt2rpp,3.97638108493859
L_LACtex,3.9763813291624
M1PD,0
MACPD,55.6400000000001
MALCOAMT,4.20197376993892e-07
MALS,18.806916884891
MALTabcpp,0
MALTtexi,0
MALt2_2pp,111.279650022716
MALt2_3pp,74.1864394740284
MALt3pp,222.559326732746
MALtex,4.54202714079867
MAN1PT2,55.6398308339794
MCITD,21.8799374677195
MCITL2,21.8799402519921
MCITS,21.8799364896486
MCOATA,55.6400000000067
MCTP1App,2.24808080808142
MCTP1Bpp,2.27101313338488
MCTP2App,1.48373333333334
MDDCP1pp,2.22559290757241
MDDCP2pp,1.48372862471182
MDDCP3pp,2.2255930278018
MDDCP4pp,2.22559287859758
MDDCP5pp,2.24807365495732
MDDEP1pp,2.22559253387618
MDDEP2pp,2.24807372889435
MDDEP3pp,2.22559269496467
MDDEP4pp,1.48372885898597
MDH,131.279650700656
MDH2,38.2849271053401
MDH3,38.2849240977154
ME1,32.819907348255
ME2,32.8199114614548
MECDPDH5,2.389e-09
MECDPS,2.389e-09
MELIBt2pp,111.279651437623
MELIBt3ipp,111.279649552294
MEOHtex,4.20197352468676e-07
MEOHtrpp,4.20197352468676e-07
MEPCT,2.389e-09
METAT,9.40394366197176
METOX1s,18.6584006998417
METOX2s,18.6584024896689
METS,1.39002433890603
METSOXR1,18.6584615384615
METSOXR2,18.6584615384603
METabcpp,44.5118584763324
METt3pp,44.5118641781839
METtex,1.39002420173019
MG2t3_2pp,111.279663894477
MG2tex,0.0018226106004704
MG2tpp,111.28
MG2uabcpp,37.0932159434248
MGSA,18.5466666666667
MICITDr,21.8799369318497
MINCYCtex,222.559334378584
MINCYCtpp,222.559325191284
MLDCP1App,2.2480736564849
MLDCP1Bpp,2.2035573212704
MLDCP2App,2.24807373933253
MLDCP2Bpp,2.22559268535864
MLDCP3App,2.27101324534312
MLDEP1pp,2.27101298284618
MLDEP2pp,2.24807366360219
MLTG2,-0
MLTG3,55.6398301418753
MLTG4,55.6398201949132
MLTG5,55.6398290471846
MLTGY1pp,2.22559331313052
MLTGY2pp,2.24807397870537
MLTGY3pp,2.27101320417968
MLTGY4pp,1.4837286182651
MLTP1,55.6398243304984
MLTP2,55.6398300375014
MLTP3,55.6398227923321
MMCD,21.8799375499001
MMM,21.8799372887042
MN2t3pp,222.559291867319
MN2tipp,1000
MN2tpp,1000
MN6PP,55.6398320185311
MNLptspp,0
MNLtex,0
MNt2pp,222.559268745267
MNtex,0.000145178550383207
MOAT,0.0955876879026483
MOAT2,0.0955876879026486
MOAT3C,0.0420451977389076
MOBDabcpp,7e-12
MOBDtex,1.47069442846259e-06
MOHMT,0.000141606863944427
MOX,30.6279380868519
MPTG,2.27102040816326
MPTG2,1.48373333333334
MSAR,2.88760999826137
MTAN,0.631940946591404
MTHFC,23.8566256568593
MTHFD,23.8566233965923
MTHFR2,1.39002441276939
MTHTHFSs,2.14687408021794
NADDP,27.8199999999999
NADH10,38.2849229922629
NADH16pp,39.9999503889739
NADH17pp,39.999950442258
NADH18pp,39.9999475427981
NADH5,38.2849207428109
NADH9,38.2849270718427
NADHHR,55.6399999999999
NADHHS,55.6399999999997
NADHPO,19.9999761948013
NADHXD,55.639833266243
NADHXE,55.6398332671335
NADK,55.6400000000039
NADN,7.94854749993081
NADPHHR,55.64
NADPHHS,55.6400000000001
NADPHQR2,38.2849240581395
NADPHQR3,38.2849279660876
NADPHQR4,38.2849239511312
NADPHXD,55.6398265850323
NADPHXE,55.639814842245
NADPPPS,55.6398170412662
NADS1,13.9099999999991
NADTRHD,121.279651376377
NAMNPP,7.94854634600444
NAt3_1p5pp,222.559319389178
NAt3_2pp,222.559276465213
NAt3pp,1000
NDP3,55.6398184705468
NDP7,55.6398341202787
NDPK1,1000
NDPK2,55.64
NDPK3,55.6400000000071
NDPK4,55.6399999999996
NDPK5,27.8200000000038
NDPK6,10.8608955223881
NDPK7,27.8199999999999
NDPK8,27.8199999999983
NH4tex,17.0573898430166
NH4tpp,31.7941900650862
NI2abcpp,55.6398222508322
NI2t3pp,222.559284839738
NI2tex,6.78620431244781e-05
NI2tpp,222.559999999999
NI2uabcpp,44.5118592539859
NMNAT,27.819912336687
NMNDA,13.9099537034614
NMNN,7.94854617299269
NNAM,7.948545753845
NNATr,13.9099563689108
NNDPR,0.000478605988227467
NOVBCNtex,222.559295519062
NOVBCNtpp,222.559323925634
NTD1,55.6398217953684
NTD10,27.8199114261545
NTD11,55.6398198509407
NTD12,8.56091499326075
NTD2,55.639826416793
NTD3,10.8608640740153
NTD4,55.6398241605526
NTD5,55.6398173373397
NTD6,16.9227340293535
NTD7,55.6398224588242
NTD8,16.922738975246
NTD9,55.6398222065757
NTP1,55.6398338294821
NTP10,55.6398245760801
NTP3,55.6398247645163
NTP5,55.6398260041203
NTPP1,27.819913577107
NTPP10,8.56091461099485
NTPP11,13.9099561186947
NTPP2,27.8199164751953
NTPP3,27.8199068120362
NTPP4,27.8199107879096
NTPP5,27.82
NTPP6,27.8199127453409
NTPP7,27.8199125701235
NTPP8,27.8199175755844
NTPP9,17.325663842908
NTPTP1,10.860862478103
NTPTP2,18.546607277467
O2tex,269.999974895918
O2tpp,19.9999747607502
OAADC,32.8199097800477
OBTFL,9.70239999999999
OCBT,8.66283080556958
OCTDPS,2.23e-10
OGMEACPD,-0
OGMEACPR,2e-12
OGMEACPS,2e-12
OHPBAT,9.37042452733294e-05
OMCDC,1.95612295785807
OMPDC,3.85015873016077
OPHBDC,4.64678734750488e-05
OPHHX3,1.3574653820058e-05
OPHHXy,4.6849550912688e-05
OPMEACPD,2e-12
OPMEACPR,2e-12
OPMEACPS,2e-12
ORNDC,13.1425389087889
ORNabcpp,44.5118613395356
ORNtex,2.35494382352529
ORPT,3.85014662991494
OXAMTC,3.54101070047267
P5CD,40.4265379023187
P5CR,38.285
PA120abcpp,24.7288888888888
PA140abcpp,24.7288888888953
PA141abcpp,24.7288888888888
PA160abcpp,24.7288888888887
PA161abcpp,24.7288888888872
PA180abcpp,24.7288888888889
PA181abcpp,24.7288888888889
PACCOAL,27.8199151575627
PACOAT,27.8199116624014
PAI2I,9.40391328451992
PAI2T,9.40391404758653
PANTS,0.00014160686394433
PAPA120,55.6398238965511
PAPA120pp,24.7288104500066
PAPA140,55.6398194243603
PAPA140pp,24.728814948106
PAPA141,55.6398191468419
PAPA141pp,24.7288130344875
PAPA160,55.6398257451673
PAPA160pp,24.7288106569667
PAPA161,55.6398247981041
PAPA161pp,24.7288099036955
PAPA180,55.6398235492452
PAPA180pp,24.7288054031522
PAPA181,55.6398246810857
PAPA181pp,24.7288109337645
PAPPT3,4.54202615857513
PAPSR,4.75607843137254
PAPSR2,4.75607843137253
PDE1,27.8199153950918
PDE4,27.8199169429371
PDH,121.28000000003
PDX5PO2,4.68496100845927e-05
PDX5POi,4.68495804986218e-05
PDX5PS,2.23e-10
PDXPP,55.6400000000139
PE120abcpp,11.1279999999993
PE140abcpp,11.1280000000015
PE141abcpp,11.128
PE160abcpp,11.128
PE161abcpp,11.1279999999993
PE180abcpp,11.128
PE181abcpp,11.1280000000028
PERD,9.37042452733294e-05
PETNT161pp,0.0955873504716791
PETNT181pp,0.0955873772523753
PFK,55.6398257416406
PFK_3,55.6398223047132
PFL,40.3925
PG120abcpp,11.128
PG140abcpp,11.128
PG141abcpp,11.1279999999997
PG160abcpp,11.1279999999995
PG161abcpp,11.1280000000009
PG180abcpp,11.128
PG181abcpp,11.128
PGAMT,9.08405306971224
PGCD,55.6398309812351
PGI,55.6398260461292
PGK,18.5466666666667
PGL,38.6774144374041
PGM,55.639818628554
PGMT,55.6398237292003
PGP120abcpp,10.5980952380952
PGP140abcpp,10.5980952380955
PGP141abcpp,10.5980952380952
PGP160abcpp,10.5980952380946
PGP161abcpp,10.5980952380966
PGP180abcpp,10.5980952380952
PGP181abcpp,10.5980952380952
PGPP120,11.128
PGPP120pp,10.5980952380952
PGPP140,11.128
PGPP140pp,10.5980952380954
PGPP141,11.128
PGPP141pp,10.5980952380953
PGPP160,11.128
PGPP160pp,10.5980952380945
PGPP161,11.127999999995
PGPP161pp,10.5980952380953
PGPP180,11.1280000000027
PGPP180pp,10.5980952380946
PGPP181,11.1280000000001
PGPP181pp,10.5980952380952
PGSA120,11.1280000000001
PGSA140,11.128
PGSA141,11.1279999999999
PGSA160,11.1280000000001
PGSA161,11.128
PGSA180,11.128
PGSA181,11.128
PHEMEabcpp,0.329565217391296
PHEMEtiex,0.329564205885525
PHETA1,1.23335593220338
PHEt2rpp,222.559325306362
PHEtex,1.23335223033638
PHEtipp,222.559295952492
PIt2rpp,222.559296849946
PItex,2.24807453664619
PItpp,222.559298905352
PIuabcpp,55.6398253949676
PLIPA1A120pp,7.67445938426509
PLIPA1A140pp,7.67445703635087
PLIPA1A141pp,7.67445770683047
PLIPA1A160pp,7.67445972818763
PLIPA1A161pp,7.67445663055803
PLIPA1A180pp,7.67445733226273
PLIPA1A181pp,7.67445862917458
PLIPA1E120pp,11.127965304843
PLIPA1E140pp,11.1279641139282
PLIPA1E141pp,11.1279654737002
PLIPA1E160pp,11.1279636109161
PLIPA1E161pp,11.1279646242942
PLIPA1E180pp,11.1279653251599
PLIPA1E181pp,11.1279644504325
PLIPA1G120pp,11.127964500818
PLIPA1G140pp,11.1279646990045
PLIPA1G141pp,11.1279670096766
PLIPA1G160pp,11.1279612213413
PLIPA1G161pp,11.1279648562283
PLIPA1G180pp,11.1279638327931
PLIPA1G181pp,11.1279650016215
PLIPA2A120pp,6.01511576873245
PLIPA2A140pp,6.01511583808189
PLIPA2A141pp,6.01511685014293
PLIPA2A160pp,6.01511712920005
PLIPA2A161pp,6.01511598001988
PLIPA2A180pp,6.01511570404662
PLIPA2A181pp,6.01511623076188
PLIPA2E120pp,4.19923174608846
PLIPA2E140pp,4.19923202881812
PLIPA2E141pp,4.19923188614365
PLIPA2E160pp,4.19923238871804
PLIPA2E161pp,4.1992311722438
PLIPA2E180pp,4.19923236380114
PLIPA2E181pp,4.19923228978779
PLIPA2G120pp,4.63665117602628
PLIPA2G140pp,4.63665262931358
PLIPA2G141pp,4.63665283112736
PLIPA2G160pp,4.63665195749075
PLIPA2G161pp,4.63665187269733
PLIPA2G180pp,4.6366511622815
PLIPA2G181pp,4.63665211302754
PMANM,55.6398158254815
PMDPHT,0.606428591947353
PMEACPE,4.20197376993896e-07
PMPK,55.6398208727771
PNTK,6.740111938525e-10
POAACR,2.88761904761906
POR5,121.279634048776
POX,26.9510287320938
PPA,55.6400000000001
PPA2,55.6398184283528
PPAKr,1000
PPBNGS,1.31826086956521
PPC,55.6398319126783
PPCDC,6.7400000000001e-10
PPCK,55.6398344378041
PPCSCT,1000
PPDOy,3.22549687799968
PPGPPDP,27.8199102534019
PPK,55.639819225111
PPK2,55.6398226951442
PPM,1000
PPM2,16.9227390590601
PPNCL2,6.73997746503119e-10
PPND,1.27887131821096
PPNDH,1.23335240048625
PPPGO,0.324278074866304
PPPGO3,0.329565217391304
PPS,55.6398355888188
PRAGSr,4.2184223470279
PRAIS,4.21842170353276
PRAIi,1.20302275385358
PRAMPC,1.81239820375553
PRASCSi,4.21842146181258
PRATPP,1.81239797476031
PRFGS,4.21842088866248
PRMICI,1.81239799390253
PROD3,38.2849284423493
PROabcpp,74.1864306697207
PROt2rpp,1000
PROt4pp,1000
PROtex,2.50061072214919
PRPPS,1000
PSCVT,1.27887154704486
PSD120,5.05331836598215
PSD140,5.05331849874517
PSD141,5.05331774936898
PSD160,5.05331608190471
PSD161,5.05331849188477
PSD180,5.05331768323128
PSD181,5.05331762367354
PSERT,24.2559293217406
PSP_L,24.2559260631227
PSSA120,5.05333333333333
PSSA140,5.05333333333333
PSSA141,5.05333333333619
PSSA160,5.05333333333403
PSSA161,5.05333333333402
PSSA180,5.05333333333331
PSSA181,5.05333333333332
PTA2,1000
PTAr,65.639833155988
PTPATi,6.73992054287765e-10
PTRCORNt7pp,111.279643234012
PTRCTA,13.1425398132221
PTRCabcpp,44.512
PTRCt2pp,111.279665340974
PTRCtex,2.37803193543147
PUNP1,55.6398342797215
PUNP2,24.2559294011178
PUNP3,27.8199145838345
PUNP4,16.9227386246777
PUNP5,55.6398320888959
PUNP6,24.255924876192
PUNP7,55.6398145865835
PYAM5PO,26.9510273410815
PYDAMK,55.6398326053786
PYDXK,55.6398235957305
PYDXNK,55.6398227400634
PYDXPP,55.6400000000139
PYK,55.6398250863626
PYK2,55.6398229454272
PYK3,55.6398251142928
PYK4,55.6398230095383
PYK6,55.6398240595952
PYNP2r,55.6398306865739
PYROX,2.88761052253423
PYRt2rpp,0
PYRtex,0
QMO2,39.9999503107793
QMO3,36.0328675504646
QULNS,0.000478605988227465
R15BPK,1000
R1PK,1000
R5PP,55.6398234789209
RBFK,55.6399999999963
RBFSa,1.21286103542211
RBFSb,0.606430517711232
RBK,55.6398330935665
RFAMPtex,222.559317224741
RFAMPtpp,222.559292570054
RHAT1,0.0420451962219606
RHCCE,9.40391386699419
RIBabcpp,0
RIBtex,0
RNDR1,16.9227906976743
RNDR1b,16.9227906976744
RNDR2,16.9227906976745
RNDR2b,16.9227906976743
RNDR3,10.8608955223832
RNDR3b,10.8608955223881
RNDR4,10.860895522388
RNDR4b,10.8608955223885
RNTR1c2,16.9227389425238
RNTR2c2,16.9227381562021
RNTR3c2,10.8608622372273
RNTR4c2,10.860862137601
RPE,25.7850000000001
RPI,15.7849545372839
S2FE2SR,3.29228031431543e-07
S2FE2SS,6.05084332828207e-05
S2FE2SS2,5.46255517497973e-05
S2FE2ST,2.8e-11
S4FE4SR,5.46255517497978e-05
S4FE4ST,2.6e-10
S7PI,0.1681808110661
SADH,8.6628571428593
SADT2,4.75606469005395
SBTPD,0
SBTptspp,0
SBTtex,0
SCYSDS,0.000230268204437401
SDPDS,1.86584615384615
SDPTA,1.86584047138172
SERASr,13.9099558110219
SERAT,17.3257142857166
SERD_D,24.2559225677965
SERD_L,24.2559248665888
SERt2rpp,222.559287813336
SERt4pp,222.559279498711
SERtex,4.75606369380161
SERtpp,222.559332048241
SGDS,8.66283096159936
SGSAD,8.66283156949155
SHCHD2,4.68521226403626e-05
SHCHF,4.68521226403632e-05
SHGO,30.6279374133126
SHK3Dr,1.27887150872521
SHKK,1.27887521968367
SHSL1,1.39002438543565
SO4t2pp,4.75606387249475
SO4tex,4.75606406077736
SOTA,8.66283082897738
SPMDabcpp,44.5120000000115
SPMDt3pp,44.5119999999972
SPMDtex,0.631939037515556
SPMS,0.631939010004194
SPODM,39.9999475713034
SSALx,16.534161805682
SSALy,17.6744480380402
SUCASPtpp,1000
SUCCt1pp,1000
SUCCt2_2pp,111.279629268796
SUCCt2_3pp,74.1864442849401
SUCCtex,0
SUCDi,39.9999504451156
SUCFUMtpp,1000
SUCMALtpp,222.559295800745
SUCOAS,1000
SUCTARTtpp,74.1864338233482
SULR,4.75606393136054
SULabcpp,4.49185185185186
T2DECAI,4.14632478632484
TALA,55.6398191544085
TARTt2_3pp,74.1864125351345
TDP,55.639817214316
TDPADGAT,0.168180794356145
TDPAGTA,0.168180811735516
TDPDRE,0.0420451962350215
TDPDRR,0.042045197296875
TDPGDH,0.210226015023569
TDSK,0.0955876879026483
THD2pp,111.27963187224
THDPS,1.86584615384615
THFAT,1000
THIORDXi,18.6584615384616
THMDt2pp_copy1,1000
THMDt2pp_copy2,1000
THMDtex,1.16708545952255
THRA,13.111351351353
THRA2,121.28000000003
THRD,13.1113115487977
THRD_L,9.70236726793101
THRS,13.1113116054955
THRabcpp,44.5118583118782
THRt2pp,111.279648010577
THRt2rpp,111.279648867737
THRt4pp,111.279649354149
THRtex,2.99455800648955
THYMt3pp,2.46253010243445
THYMtex,2.46253005357282
THZPSN3,2.23e-10
TKT1,12.8925
TKT2,12.8925
TMDK1,55.6399999999928
TMDPP,2.46253037513759
TMDS,2.462538071066
TMPK,55.6399999999965
TMPPP,4.68496100845923e-05
TPI,55.6398211500632
TRDR,18.6584615384603
TRE6PH,27.8199162655078
TRE6PP,18.5466099090904
TRE6PS,27.8199124329891
TREH,18.5466111037214
TRPAS2,24.2559254096062
TRPS1,1.15315682937388
TRPS2,24.2559294252121
TRPS3,1.20302317079285
TRPt2rpp,222.55929586274
TRPtex,1.00251930115419
TRPtipp,222.559294511779
TRSARr,1000
TTRCYCtex,222.559273062664
TTRCYCtpp,222.559332973652
TYRL,0.839305145539272
TYRTA,1.27887521968364
TYRt2rpp,222.559332189686
TYRtex,1.27887123826978
TYRtipp,222.5592883921
U23GAAT,0.191174758843321
UAAGDS,3.90456140350877
UACMAMO,0.168180815736227
UAG2E,0.168180786207674
UAGAAT,0.191175375805301
UAGCVT,4.54202566840173
UAGDP,9.08408163265303
UAGPT3,4.54204081632653
UAMAGS,3.90456140350868
UAMAS,3.90456140350869
UAPGR,4.54202645537561
UDCPDP,4.54202574616575
UDCPDPS,5.5e-11
UDCPDPpp,0.168180790697266
UDCPPtppi,0.168180796464249
UDPG4E,0
UGCIAMH,4.21842200756021
UGLT,0
UGLYCH,4.2184347826087
UGMDDS,4.5420264835758
UHGADA,0.191174760340106
UM3PL,4.5420266616946
UM4PCP,4.45118649097677
UM4PL,4.45118558618784
UMPK,55.6400000000142
UPP3MT,4.68521226403625e-05
UPP3S,0.329565217391304
UPPDC1,0.329565217391309
UPPRT,27.8199110918441
URACPAH,2.88761904761902
URAt2pp,222.55929763946
URAtex,3.85014624817983
URAtpp,222.559316066021
URDGLYCD,3.54101119964145
UREAtex,8.55997133087758
UREAtpp,8.55997099728678
URIC,4.2184213821499
URIH,55.6398343912231
URIK1,55.639823035477
URIK2,55.6398234871353
URIt2pp_copy1,1000
URIt2pp_copy2,1000
URItex,1.5071736534411
USHD,0.0955876879026486
VALTA,1000
VALabcpp,44.5118587864388
VALt2rpp,111.279666602459
VALt3pp,111.279644297656
VALtex,2.42559213914672
VPAMTr,1000
XAND,4.21842207688767
XANt2pp,222.559326524909
XANtex,2.73599111613823
XANtpp,222.559321632864
XPPT,27.819909633487
XTSNH,55.6398319357006
XTSNt2rpp,1.2964615931724
XTSNtex,1.29646160916721
XYLI1,0
XYLI2,55.6398182144269
XYLK,0
XYLabcpp,-0
XYLt2pp,-0
XYLtex,0
ZN2abcpp,55.6398264302789
ZN2t3pp,222.559264048466
ZN2tpp,222.559290229595
ZNabcpp,44.5118603731442
Zn2tex,7.16438288463905e-05
