RxnID,minFlux,maxFlux
ALATA_D2,0,107.470068556283
SHCHD2,2.10250320608847e-05,2.10250320608847e-05
CPPPGO,0,1.23513541078494
GTHOr,0,76.7228208978931
DHORD5,0,14.8657465989465
GLYCTO2,0,121.825991086303
GLYCTO3,0,121.825991086305
GLYCTO4,0,121.825991086314
PFK_3,0,231.136998461585
TRPS2,0,96.722914468862
G3PD5,0,121.825991086314
LEUTAi,0.0424772588314907,7.21489818232991
SHK3Dr,0.035932911183977,5.30951830272011
G5SD,0.0208416522969456,161.225699100395
ALATA_L2,0,107.470068556273
MAN6PI,0,-0
APRAUR,4.20500641442285e-05,2.55468018025188
DB4PS,8.4100128288457e-05,5.10936036050376
RBFK,2.10250320833438e-05,221.219059004594
ACP1_FMN,0,221.219037979567
RBFSb,4.20500641442285e-05,2.55468018025188
DMATT,2.621057808487e-05,2.62105780848698e-05
GRTT,2.621057808487e-05,2.62105780848698e-05
UPP3S,4.20500641217693e-05,1.23515643581699
UPPDC1,2.10250320608847e-05,1.23513541078493
TMDPP,0,9.79907920223991
HCO3E,0.0495572262426549,221.335701828322
IMPC,-17.0539757748484,-0.051151357372305
IMPD,0,96.7458466504598
ECOAH4,-17.8814318278837,2.31033096485965
GLUTRS,0.000336400512974155,9.88125148653594
TMPPP,2.10250320608847e-05,2.10250320608847e-05
URIK1,0,221.219037979572
URIK2,0,221.219037979555
CYTDK1,0,221.219037979551
CYTDK2,0,221.219037979549
XPPT,0,110.609518989781
HXPRT,0,110.609518989763
NDPK5,-72.2458211398019,110.612066224272
DHORTS,-14.8657465989467,-0.0311882308545819
OMPDC,0.0311882308546204,14.8657465989428
CS,0.101371956374744,239.897787656404
ICDHyr,0.101371956374805,55.5812215041926
ACALD,-221.219037979567,483.614572344259
ACS,0,221.219037979545
PPA,0.294116345020584,221.549174635749
PPCK,0,221.219037979557
ME1,0,124.239426332748
ALAR,0.00392988962494201,107.634291844673
ALATA_L,-1000,999.905245366048
XYLK,0,-0
RBK,0,221.219037979621
GLYK,0,221.219037979557
PPM,-1000,110.610720763635
ASPTA,-483.890615270046,-0.27604292575586
FBP,0,221.21903797956
GLGC,0,221.219037979571
PYK,0,230.753420852651
A5PISO,0.00366872667063944,0.762594611205486
IPPMIb,-7.21489818232988,-0.0424772588314681
ACHBS,0.0273918454691335,6.95315330141282
ACLS,0.0824376421882868,9.57536378136366
PSCVT,0.035932911183977,5.30951830272011
ANS,0.005359308957116,5.07380476127844
ANPRT,0.005359308957116,5.07380476127844
CHORM,0.0304895020985521,5.30407489363448
CHORS,0.0359329111839341,5.30951830272012
IGPS,0.005359308957116,5.07380476127844
ECOAH6,-26.1941055741532,0.405678800181022
ENO,-90.9892856301026,63.4686566462301
FBA,-221.219037979541,231.136998461587
MGSA,0,76.9178069508808
PPS,0,221.219037979568
PGI,-238.191891214171,221.219037979549
PGK,-19.7732216156961,60.450617716763
EDA,0,80.2237937782328
PGL,0,123.362526612258
RPE,-48.235367031694,82.1685534697122
TALA,-231.155618500266,41.1022221654227
TKT1,-24.0997380852876,41.1022221654159
G6PDA,0,221.21903797955
ALCD2x,-19.9340452091135,-0
ALDD2y,0,221.219037979559
RMI,0,-0
FMNAT,2.10250320833438e-05,1.6770637075433
NADDP,0,110.60951898978
NMNAT,0,110.60951898978
HMPK1,0,-0
NDPK6,0,46.3676047315003
NDPK8,-72.2458211398,110.611985989725
PYNP2r,-221.219037979566,110.611985989732
DURIPP,-9.80154620219059,46.3651377315409
PTRCTA,0,38.4091266100362
CYSDS,0,69.0877960491772
TRPAS2,-4.20748016414177,96.7175551599041
NDP3,0,221.21903797956
CDPPH,0,221.219037979559
NDP7,0,221.219037979543
PMDPHT,4.20500641442285e-05,2.55468018025188
ILETA,-6.95315330141284,-0.0273918454690829
VALTA,-1000,999.905245366048
ORPT,-14.8657465989428,-0.0311882308545819
RBFSa,8.4100128288457e-05,5.10936036050376
DHAD2,0.0273918454691335,6.95315330141282
G1PP,0,221.219037979558
PFL,0,136.0776212479
FRD2,0,121.857394093056
FRD3,0,121.825991086304
POX,0,109.587014325953
PTAr,-221.273928021328,221.164147937766
ACKr,-221.164147937766,221.273928021328
MOAT,0.00183436333532095,0.381297305602736
UDCPDPS,5.18554602398514e-06,5.18554602398514e-06
USHD,0.00183436333532095,0.381297305602736
LPADSS,0.00183436333532095,0.381297305602736
TDSK,0.00183436333532095,0.381297305602736
NTPP1,0,110.609518989785
NTPP2,0,110.609518989791
NTPTP1,0,46.3667210300249
NTPTP2,0,73.7396793265263
IPMD,0.0424772588314907,7.21489818232991
AIRC3,-17.0450436246815,-0.0422192072055623
ADSL2r,0.0422192072055623,17.0450436246815
PUNP5,-221.219037979561,110.609518989778
PUNP6,0,96.723926649719
PUNP7,-221.219037979553,110.609518989772
RNDR1,0,72.2482881397619
RNDR3,0,46.3697101152527
RNDR4,0,46.3676047314927
TMDS,0.00246699995024712,9.80154620219075
TMDK1,0,221.219037979567
PPCDC,6.35465094952423e-05,6.35465094575571e-05
FTHFD,0,221.219037979576
EDD,0,80.2237937782253
DHQTi,0.0359329111839341,5.30951830272012
PUNP1,-221.221568431717,110.609487263671
PUNP2,-96.7229398497544,72.2458211398075
PUNP3,-72.2458211397901,110.609518989773
LYSAM,0,-0
DHAD1,0.0824376421882868,9.57536378136366
IPPMIa,-7.21489818232988,-0.0424772588314681
G3PD7,0,121.825991086311
NADH9,0,121.825991086312
NADH10,0,121.825991086322
MDH,-166.052267706869,492.845109864817
FUM,-17.0541387054861,492.566012180968
PYDXNK,0,221.21903797955
PYAM5PO,0,107.470068556277
OHPBAT,-4.20500641666877e-05,2.10250320833438e-05
GLUTRR,0.000336400512974155,9.88125148653594
GLCS1,0,221.219037979571
GLCP,0,221.219037979563
HEMEOS,0,-0
ADMDC,0,2.54544219744434
AGMT,0,26.8462598563655
ARGDC,0,26.8462598563639
ARGSS,0.0278880550823013,34.5717860796766
AGPR,-43.4983430899911,-0.0278880550822578
SPMS,0,2.54544219744434
G1SAT,0.000336400512992441,9.88125148653592
KDOCT2,0.0036687266706419,0.762594611205534
OAADC,0,124.23942633274
MNNH,0,-0
ALTRH,0,-0
GUI1,0,-0
PGAMT,-37.5632957498526,-0.00890857950389545
UAGDP,0.00890857950389628,37.5632957498526
UAGCVT,0.00261992641662719,18.779813511592
GLUR,-16.1958424423993,-0.002619926416628
UAG2E,0,0.699963976085314
MACPD,0,221.219037979529
DMQMT,0,-0
ICHORS_copy1,0,1000
HACD5,-26.1898307329909,2.3103309648593
DNMPPA,6.30750961826517e-05,6.3075096182641e-05
HPPK2,6.30750961826517e-05,6.3075096182641e-05
PTPATi,6.35465094952423e-05,6.35465094575571e-05
HEX7,0,221.219037979549
DXPRIi,0.000225241262750914,0.000225241262750914
OPHBDC,2.10250320608847e-05,2.10250320097734e-05
OHPHM,0,-0
GHMT2r,-42.0215892033501,31.7111220890458
DHORD2,0,14.8657465989454
ADK4,-221.219037979558,-0
INSK,0,221.219037979558
ABTA,0,51.653653027289
SSALx,0,48.3211592835888
ASPT,0,483.614572344234
SERD_L,0,96.7229144688513
THRD,0,50.9882632665648
HEX4,0,221.219037979561
KARA1,-9.57536378136365,-0.0824376421883244
KARA2,0.0273918454690829,6.95315330141284
ACCOAC,0.0073380190372137,221.293482621099
NADK,4.21443467767402e-05,221.2190801239
ICHORS_copy2,-1000,4.78695935493568
SUCBZS,0,-0
DHBD,0,4.7869593549359
ICHORT,0,4.78695935493593
RBK_L1,0,-0
RBP4E,0,-0
NTD2,0,221.221504979509
NTD4,0,221.219037979566
NTD5,0,221.219037979561
NTD6,0,72.2458211398075
LGTHL,0,76.9179296440461
PYDXPP,0,221.219037979546
PDXPP,0,221.21903797955
HACD6,-26.1941055741532,0.405678800181022
ECOAH1,-9.96320635202073,7.21908123547053
ECOAH2,-9.96320635202073,7.21908123547053
ECOAH3,-9.96320635202107,2.31033096485942
UGLT,0,-0
DXPS,0.000267291326872683,0.000267291326872683
CDPMEK,0.000225241262750914,0.000225241262750914
MECDPS,0.000225241262750914,0.000225241262750914
DDGLK,0,-0
XYLI2,-221.219037979556,221.219037979556
PMANM,-221.219037979539,-0
ICL,0,88.7132647919882
GLYCL,0,48.4170137693922
CMPN,0,73.7405016598376
HCYSMT,0,40.6768531833257
UDPG4E,0,-0
LACZ,0,-0
TRE6PH,0,110.609518989777
XYLI1,0,-0
PPC,0,221.498135663329
ALDD4,0,-0
G3PT,0,221.219037979565
CINNDO,0,-0
DHPPD,0,-0
DHCIND,0,-0
CITL,0,221.21903797957
GOFUCR,0,-0
PYDXK,0,221.219037979546
GTPCII2,4.20500641442285e-05,2.55468018025188
URIC,0,17.0028244174783
SADT2,0.0233332600201805,18.9886106068527
LCARS,-483.614572344196,13.1388738829446
ALCD19,-16.2602216239051,221.219037979558
RMPA,0,-0
SBTPD,0,-0
PFK_2,0,-0
GLTPD,0,-0
TGBPA,0,-0
MANAO,0,-0
TAGURr,0,-0
PGLYCP,0,-0
GLXCL,0,44.356636600995
TARTD,0,-0
GLCRAL,0,-0
KAS14,0,9.99675966327552
EDTXS1,0,0.379462942267415
EDTXS2,0,0.379462942267415
EDTXS3,0,-0
EDTXS4,0,-0
NNDPR,0.000214775888094709,0.000214775888048524
HACD4,-17.8814318278837,2.31033096485965
HACD7,-26.2072913887837,0.0262158579135985
AACPS1,0,110.615535543111
SDPDS,0.0349740565827494,7.43116459255339
DMSOR1,0,-0
DKGLCNR2y,0,-0
2DGULRy,0,-0
RZ5PP,0,-0
NTD9,0,221.21903797956
NTD10,0,110.609518989777
ADPT,0,110.610784215868
ADK1,-1000,1000
OCTDPS,2.10250320608847e-05,2.10250320608847e-05
AACPS2,0,110.616610365393
AACPS3,0,110.621552096465
AACPS4,0,110.623701741004
AMANK,0,-0
ACNML,0,-0
CAT,0,60.9287239642244
SERASr,0,55.3047594948912
DMSOR2,0,-0
ACMAMUT,0,0.699963976085292
DDGALK,0,-0
AB6PGH,0,-0
AMALT1,0,-0
MLTP2,-221.219037979552,-0
PACCOAL,0,110.609518989769
GP4GH,0,-0
ACGAMT,0,0.699963976085292
AADDGT,0,0.699963976085292
GMHEPK,0,0.699963976085292
TRE6PS,0,110.609518989783
UDCPDP,0.00261992641662719,18.779813511594
TREH,0,73.7396793265204
CYTK1,-73.7234362164234,221.236103422952
CYTK2,-46.3671628807776,110.609518989764
GK1,0.0229321816058246,221.244437161132
HACD1,-9.96320635202073,7.21908123547053
HACD2,-9.96320635202073,7.21908123547053
ACACCT,0,-0
BUTCT,0,-0
2DGULRx,0,-0
G1PTT,0,0.874954970106615
TDPGDH,0,0.874954970106615
UDPGALM,0,-0
TDPDRE,0,0.174990994021323
TDPDRR,0,0.174990994021323
G3PD6,0,121.825991086316
ALLTN,0,17.0028244174812
UAPGR,0.00261992641662719,18.779813511592
NDPK7,-46.3671628807732,110.612066224267
AOBUTDs,0,38.7602626040409
GLYAT,-50.9882632665634,483.614572344215
ADNUC,0,221.219037979551
GMHEPPA,0,0.699963976085292
S7PI,0,0.699963976085292
TRPS3,0,5.07380476127917
CRNBTCT,0,-0
CRNCBCT,0,-0
CRNCDH,0,-0
FADRx,0,69.0851398454255
GTPDPK,0,110.609518989781
NADN,0,31.6027197113737
NDPK2,-230.715791042175,110.64961580014
NDPK3,-230.738902643732,221.236103422973
NDPK4,-230.750953852709,110.611985989726
FCLT,2.10250320608847e-05,1.23513541078485
HBZOPT,2.10250320608847e-05,2.10250320097734e-05
PNTK,6.35465094952423e-05,6.35465094575571e-05
DPCOAK,6.35465094952423e-05,6.35465094575571e-05
HETZK,0,-0
KDOPS,0.0036687266706419,0.762594611205534
KDOPP,0.0036687266706419,0.762594611205534
AST,0,34.5438980245906
SGDS,0,34.5438980245906
CYNTAH,0,-0
GSPMDA,0,221.219037979554
GSPMDS,0,221.219037979554
GUAD,0,55.3053762448808
TMAOR1,0,-0
TMAOR2,0,-0
DGK1,-72.2458211398078,110.609518989785
DTMPK,0.00246699995022936,110.611985989697
NDPK1,-1000,1000
TRDR,0,76.7228208978873
PGMT,-221.219037979552,-0
FRUK,0,-0
RHCCE,4.22386294317324e-05,40.6768954219589
KG6PDC,0,-0
X5PL3E,0,-0
DOGULNR,0,-0
BETALDHx,0,-0
BETALDHy,0,-0
MLTG3,0,221.219037979546
DKGLCNR1,0,-0
NADTRHD,0,483.614572344241
FMNRx2,0,34.7040582412948
ACPS1,0,-0
GMPS2,0,69.1041761789221
AMPN,0,221.219037979545
GSNK,0,221.221504979504
ADCS,6.30750961826479e-05,4.24152286454966
ADCL,6.30750961826479e-05,4.24152286454966
DHAPT,0,120.33569066734
UMPK,0.0331755206563003,221.254680500166
DDPGALA,0,-0
DURIK1,0,221.221504979513
UPPRT,0,110.60951898975
CTPS2,0.0151347231909126,73.7564587163336
NTD1,0,221.219037979567
NTD7,0,221.219037979561
PAPPT3,0.00261992641662719,18.779813511594
UAGPT3,0.00261992641662719,18.779813511594
F6PA,-221.219037979548,120.335690667339
AGMHE,0,0.699963976085292
GMHEPAT,0,0.699963976085292
IDOND,-483.614572344258,9.30818688183126
IDOND2,0,483.614572344235
GLYCLTDx,0,121.825991086309
HPYRRy,0,483.614572344276
ACODA,0.0278880550823013,43.4983430899911
ADA,0,96.723926649726
DADA,0,96.7239266497308
ADD,0,96.7239266497341
ADSS,0.0282191757673077,96.752145825505
AGDC,0,37.5543871703539
ASNN,0,110.609518989779
ASNS2,0,126.433606150856
ASPCT,0.0311882308546204,14.8657465989467
DMPPS,0,0.000225241262750914
MCOATA,0.00733783047189718,221.293482432533
IPDPS,0,0.000225241262750914
DAPE,0.0349740565827688,7.43116459255339
DHDPRy,0.0349740565827494,7.43116459255339
HSK,0.0513101293634368,51.0395733959269
SDPTA,-7.43116459255339,-0.0349740565827688
THRS,0.0513101293634368,51.0395733959269
HSST,0.0145111377108647,5.58944426590608
PPNDH,0.017467276075156,5.09878653354488
DDPA,0.0359329111839341,5.30951830272012
NMNDA,0,55.3047594948896
NNAM,0,31.6027197113668
P5CD,0,161.204857448087
SPMDAT1,0,-0
SPMDAT2,0,-0
TDPADGAT,0,0.699963976085292
MALS,0,55.824082243492
TRE6PP,0,73.7396793265204
ADPRDP,0,31.6027197113737
ARAI,0,-0
M1PD,1.23976699029163,10
G3PD2,-182.873139735068,221.20593005062
GALS3,0,-0
FCI,0,-0
FCLK,0,-0
FCLPA,0,-0
ACCOAL,0,1000
GALUi,0,110.609518989749
U23GAAT,0.0036687266706419,0.762594611205472
UAAGDS,0.00261992641662719,16.1958424423994
UAMAS,0.00261992641662719,16.1958424423994
UAMAGS,0.00261992641662719,16.1958424423994
UGLYCH,0,17.0028244174786
OP4ENH,0,-0
HOPNTAL,0,-0
3HPPPNH,0,-0
AKGDH,0,55.4798495478257
HPYRRx,0,1000
GLYCDx,0,221.21903797955
ASP1DC,6.35465094952423e-05,6.35465094575571e-05
UGMDDS,0.00261992641662719,18.779813511594
UHGADA,0.0036687266706419,0.762594611205472
UAGAAT,0.00366872667063944,0.762594611205486
ATPPRT,0.00893215016764167,7.57917365156906
HISTD,0.00893215016764167,7.57917365156906
IGPDH,0.00893215016764167,7.57917365156906
PRPPS,-999.912001849669,110.698718913981
PRATPP,0.00893215016764167,7.57917365156906
PRMICI,0.00893215016765225,7.57917365156902
SERAT,0.0233332600201948,69.111129309189
CYSS,0.0233332600201805,69.1111293092069
BPNT,0.0233332600202054,18.9886106068534
PAPSR,0,18.9886106068567
ASPK,0.100795323657053,51.0890585902189
ASAD,-51.0890585902189,-0.100795323657053
DAPDC,0.0323541301661222,7.42854466613505
METAT,8.46658241734279e-05,40.6769378491499
ASCBPL,0,-0
ACBIPGT,0,-0
ADOCBLS,0,-0
ADOCBIK,0,-0
TMPK,2.10250320608847e-05,221.219059004587
HPPPNDO,0,-0
DHCINDO,0,-0
HKNDDH,0,-0
HKNTDH,0,-0
GLYCK2,0,221.219037979559
ENTCS,0,18.4349198316304
SULR,0.0233332600202392,18.9886106068614
MANPGH,0,-0
URDGLYCD,0,14.4873529814397
CBMKr,-110.550442703858,34.6029743105269
AMANAPEr,0,-0
ACM6PH,0,18.7771935851766
NNATr,0.000214775888139229,55.304974270769
CYTDH,0,55.3053762448773
PSERT,0,96.8844231930487
AIRC2,0.0422192072055623,17.0450436246815
GAPD,-60.4506177167628,19.7732216156961
HEX1,0,221.219037979559
GND,0,123.362526612267
TAUDO,0,-0
ME2,0,124.527767040167
ARGSL,0.0278880550822578,34.5717860796765
CBPS,0,110.609518989781
GLU5K,0.0208416522969456,161.225699100395
IPPS,0.0424772588314907,7.21489818232991
ACOATA,-221.219037979529,9.9967596632755
MLTG2,0,-0
MLTG1,0,-0
AMALT3,0,-0
MLTP3,-221.219037979559,-0
SPODM,0,121.857447928454
AHCYSNS,4.22386294317324e-05,40.6768954219589
TMK,0,-0
NTPP4,0,110.60951898978
NTPP3,0,110.609518989775
NTPP6,0,110.609518989772
NTPP7,0,110.609518989776
NTPP8,0,110.609518989794
P5CR,0.0208416522969456,121.846832738606
CYANST,0,-0
DHPPDA2,4.20500641442285e-05,2.55468018025188
G5SADs,0.0208416522969456,161.225699100395
GMAND,0,-0
PPCSCT,0,1000
CYTD,0,73.7405016598364
DCYTD,0,46.3671628807776
DBTS,1.88565309963091e-07,1.88565309963091e-07
DCTPD,0,34.1387859012204
DHDPS,0.0349740565827494,7.43116459255337
G1PACT,0.00890857950389628,37.5632957498526
GART,0,221.225657906537
CSND,0,73.7405016598338
GF6PTA,0.00890857950389628,221.227946559059
H2SO,0,18.600560474779
GLUCYS,0,52.051538348131
GLUN,0,221.219037979573
GLUPRT,0.0422402322371726,17.0450646497146
GMPR,0,96.7229144688593
NADS1,0.00021477588809482,55.304974270769
NTRIR2x,0,-0
OCBT,0.0278880550822578,34.5717860796765
GARFT,-221.1834176743,17.0450646497155
GPDDA1,0,-0
GPDDA2,0,20.7461715432601
PHETA1,-5.09878653354485,-0.0174672760751946
PPND,0.0130222260233961,5.28660761755977
TRPS1,0,4.82267705087206
PRAMPC,0.00893215016764167,7.57917365156906
MCITL2,0,82.8262842218073
DXYLK,0,-0
MDH3,0,121.825991086315
SOTA,0,34.5438980245906
SGSAD,0,34.5438980245906
PTA2,0,1000
MDH2,0,121.825991086307
ACOTA,-43.4983430899911,-0.0278880550822578
GPDDA5,0,-0
PDX5PS,2.10250320608847e-05,2.10250320608847e-05
PPBNGS,0.000168200256487077,4.94062574326797
PPNCL2,6.35465094952423e-05,6.35465094575571e-05
PRAGSr,0.0422402322371909,17.0450646497146
PRFGS,0.0422402322371726,17.0450646497146
ETHAAL,0,20.7461715432611
MAN1PT2,0,221.219037979539
AP4AH,0,110.60951898978
AP5AH,0,-0
ADNCYC,0,110.609518989773
MI1PP,0,-0
MCITS,0,82.8262842218074
PPAKr,0,1000
NTP3,0,221.219037979554
PPM2,0,72.2433541398548
MOAT2,0.00183436333532095,0.381297305602736
G6PDH2r,0,123.362526612258
NADH5,0,121.825991086314
MOHMT,6.35465094952423e-05,6.35465094575571e-05
GMPS,0,96.745846650457
FTHFLi,0,221.225657906523
UDPGD,0,-0
GLCRD,0,-0
PPPNDO,0,-0
CHRPL,2.10250320608847e-05,2.10250320097734e-05
TDPAGTA,0,0.699963976085292
UACMAMO,0,0.699963976085292
FBA3,0,231.136998461585
PMPK,2.10250320608847e-05,221.219059004597
LCADi,0,56.7787049941453
ADK3,-1000,1000
GLUDC,0,51.6536530272884
BSORy,0,-0
ADSK,0.0233332600201805,18.9886106068527
HSDy,-51.0540845336361,-0.0658212670742842
CYSTL,0.0145111377108647,5.58944426590613
SHSL1,0.0145111377108647,5.58944426590613
SSALy,0,51.6536530272863
3HCINNMH,0,-0
BSORx,0,-0
NMNt7pp,0,-0
GLUtex,-11.1160294717753,-0
GLYtex,-25.2610506622934,-0
GLYALDtex,-16.7820669711009,-0
GLYBtex,0,-0
GLYCtex,-14.8873174743646,-0
GLYC3Ptex,-9.29709000123762,-0
GLYCLTtex,-27.3625377233184,-0
GTPtex,0,-0
GUAtex,-10.1726148091726,-0
Htex,-100.763250982327,1000
H2tex,0,-0
H2Otex,-619.482191283046,30.0086088786306
FACOAL160t2pp,0,47.8311433469335
FACOAL180t2pp,0,47.8311433469275
SPODMpp,0,-0
NO3R1bpp,0,-0
O2tpp,0,60.928929029001
PHYTSpp,0,-0
PPTHpp,0,-0
PYRt2rpp,-21.9994796241185,-0
NO3R2pp,0,-0
NTP3pp,0,-0
NO3R2bpp,0,-0
THD2pp,0,442.438075959103
TMAOR1pp,0,-0
TMAOR2pp,0,-0
XANtpp,-884.876151918032,-0
DAPtex,-7.39619053597039,-0
12PPDStex,-13.1388738829452,-0
DDGLCNtex,0,-0
26DAHtex,0,-0
HCINNMtex,0,-0
HPPPNtex,0,-0
ACtex,-27.3625340843715,-0
ACALDtex,-22.4711055084321,-0
ACMANAtex,0,-0
ACMUMtex,0,-0
ACACT7r,-26.2072913887837,0.0262158579135985
PSP_L,0,96.8844231930487
ACACT2r,-9.96320635202073,7.21908123547053
ACACT3r,-9.96320635202107,2.31033096485942
ACACT4r,-17.8814318278837,2.31033096485965
SUCCt2_2pp,0,442.438075959121
SUCFUMtpp,-1000,1000
SUCptspp,0,-0
SULabcpp,0,17.9340740714001
TSULabcpp,0,-0
TARTRt7pp,0,-0
AHGDx,-115.246523549269,-0
TAURabcpp,0,-0
THMDt2pp_copy1,0,1000
Kt2pp,0,442.456479273268
AKGt2rpp,-11.9567375830861,-0
XYLt2pp,0,-0
THMabcpp,0,-0
THMDt2pp_copy2,-1000,-0
THRabcpp,0,176.975230383653
TREptspp,0,-0
TRPt2rpp,-4.2021208551846,884.87615191821
TYRt2rpp,-5.27358539153681,884.876151918205
URIt2pp_copy1,0,1000
URIt2pp_copy2,-1000,-0
VALabcpp,0,176.975230383614
XTSNt2rpp,-5.42533974267144,-0
XYLabcpp,0,-0
XYLUt2pp,0,-0
THRt4pp,0,442.438075959107
GALtex,0,-0
GALCTtex,0,-0
GALCTNtex,0,-0
GALTtex,0,-0
GALURtex,0,-0
GTPCI,6.30750961826517e-05,6.3075096182641e-05
FDMO,0,-0
FEOXAMabcpp,0,70.7902132953602
CBL1abcpp,0,-0
ACACt2pp,0,-0
ACGAptspp,0,-0
ACMANAptspp,0,-0
ACNAMt2pp,0,-0
CHOLD,0,-0
DRPA,0,72.2433541398547
TKT2,-24.1356560833697,41.066331304294
FEENTERabcpp,0,70.7902132953565
FECRMabcpp,0,70.7902132953549
GAMtex,0,-0
GBBTNtex,0,-0
ARBt2rpp,-294.958717306065,442.438075959099
DAPabcpp,0,-0
CO2tpp,-56.1301301475166,84.4157390351845
DHAtpp,-17.490930283064,-0
DMSOR1pp,0,-0
ARGabcpp,0,176.975230383646
ARGAGMt7pp,-26.3491068960629,7.99996119196726
ASCBptspp,0,-0
ASNt2rpp,-126.410878845431,-0
ASPabcpp,0,221.219037979548
ASPt2pp,0,884.876151918234
ASPt2_2pp,0,442.438075959104
ASPt2_3pp,0,294.958717306072
HIStex,-7.57024150140182,-0
HXAtex,-7.18552792421553,-0
HYXNtex,-10.3889484434123,-0
IDONtex,-9.3081868818316,-0
ILEtex,-6.92576145594421,-0
INSTtex,0,-0
INStex,-5.16699023111528,-0
Ktex,0.018403314273769,0.018403314273769
D_LACtex,-19.7995316617088,-0
NTD8pp,0,-0
FRULYStex,0,-0
GALCTt2rpp,0,-0
GALt2pp,0,-0
ASPtex,-16.8460239095247,-0
ABUTt2pp,0,1000
CYSabcpp,0,221.219037979561
SBTptspp,0,-0
TREHpp,0,-0
CYTBDpp,0,121.857447928438
CYTBD2pp,0,121.857394093058
ACALDtpp,-22.4711055084566,-0
ACt2rpp,-1000,-0
ATPS4rpp,-22.1741658303307,275.962295240049
INDOLEtex,-5.06844545232241,-0
L_LACtex,-16.2602277585625,-0
ACt4pp,0,1000
ADEt2rpp,-9.76571275489596,-0
ADNt2pp_copy1,0,1000
ADNt2pp_copy2,-1000,-0
ALAabcpp,0,221.219037979558
ALLabcpp,0,-0
ALLTNt2rpp,-12.3615522278327,-0
ARBabcpp,0,294.958717306041
ECOAH8,-26.2194494678125,-0
GLCDpp,0,-0
GUAtpp,-884.876151918212,-0
HYD2pp,0,-0
HYXNtpp,-10.3889484434125,-0
NACtpp,0,-0
FE3DCITabcpp,0,70.7905372053009
CPGNtonex,0,70.7902132953546
GLCRtex,0,-0
GLCNtex,-9.30818688183012,-0
GLCURtex,0,-0
GLNtex,0,-0
O2tex,0,310.928550460568
OCTAtex,0,-0
ORNtex,-9.11623484666097,-0
ECOAH5,-26.1898307329909,2.3103309648593
DHFS,6.30750961826517e-05,6.3075096182641e-05
CITt7pp,0,884.876151918138
CRNt7pp,0,-0
CHLabcpp,0,176.975230383658
DGSNt2pp,0,-0
DINSt2pp,0,-0
DURIt2pp,0,-0
FE2abcpp,0,176.975533238389
FRUptspp,0,-0
FUCtpp,0,-0
FUMt2_2pp,0,442.438075959089
FUMt2_3pp,0,294.958717306099
FEENTERtonex,0,70.7902132953565
CSNt2pp,0,-0
CYNTt2pp,0,-0
CYTDt2pp_copy1,0,1000
CYTDt2pp_copy2,-1000,-0
DADNt2pp,0,-0
DCYTt2pp,0,-0
DDGLCNt2rpp,0,-0
RMNtex,0,-0
MALTTRtexi,0,-0
MALTTTRtexi,0,-0
MALTPTtexi,0,-0
MALTtexi,0,-0
GLCtex_copy1,0,1000
FE3DCITtonex,0,70.7905372053009
PHEtex,-5.08131925746977,-0
PItex,0.0909456146921457,9.38803561592829
ACGAMK,0,18.7771935851772
METS,0.0145533763402964,5.5894865045351
CYSabc2pp,0,110.609518989771
PRASCSi,0.0422192072055623,17.0450436246815
TRSARr,-1000,221.219037979564
LYXI,0,-0
PNTOtex,0,-0
PPPNtex,0,-0
PPTtex,0,-0
PTRCtex,-9.20183329592408,-0
PYRtex,-21.9994796241201,-0
DSERtex,0,-0
SERtex,-19.2731664399258,-0
SO4tex,0.0237422581774354,18.9890196050122
SPMDtex,-2.54544219744412,-0
SUCCtex,-16.2936952567521,-0
SUCRtex,0,-0
TARTRtex,0,-0
TAURtex,0,-0
THRtex,-11.6666100716194,-0
THMDtex,-4.82756278825616,-0
CBIuabcpp,0,-0
METDtex,0,-0
METtex,-5.57493312819543,-0
MNLtex,1.23976699029254,10
NAtex,0,-0
NACtex,0,-0
NH4tex,1.0182446597787,58.144687371311
URIH,0,221.219037979559
XTSNH,0,221.219037979547
INSH,0,221.21903797956
BUTtex,0,-0
CHLtex,0,-0
CO2tex,-56.1301301475252,42.4982058733804
CRNtex,0,-0
PPK2,0,221.219037979512
DINStex,0,-0
DMStex,0,-0
CSNtex,0,-0
CYNTtex,0,-0
CYStex,-9.27900227749967,-0
CYTDtex,-5.82372310934738,-0
DCAtex,0,-0
DCYTtex,0,-0
DGSNtex,0,-0
MTHFR2,0.0145533763402964,5.5894865045351
ASPO3,0,0.000214775888048524
ASPO5,0,0.000214775888094709
ASPO4,0,0.000214775888094709
ASPO6,0,0.000214775888094709
LCTStex,0,-0
LEUtex,-7.17242092349795,-0
LYStex,-7.39619053596971,-0
LYXtex,0,-0
MANtex,0,-0
MAN6Ptex,0,-0
MELIBtex,0,-0
DMSOtex,0,-0
DURItex,0,-0
FRUtex,0,-0
FUCtex,0,-0
FUMtex,-17.4371124677539,-0
ACACT5r,-26.1898307329909,2.3103309648593
MALDDH,0,-0
FE2tex,-93.1439294174653,1000
NMNtex,0,-0
NO2tex,0,-0
DHPS2,6.30750961826517e-05,6.3075096182641e-05
MTHFC,-42.03869415118,67.0811841775367
MTHFD,-42.0386941511815,67.0811841775367
BUTt2rpp,0,-0
CADVtpp,0,7.39619053597035
QULNS,0.000214775888094709,0.000214775888048524
ALKP,0,221.219037979544
GDPtex,0,-0
TMAtex,0,-0
TMAOtex,0,-0
TREtex,0,-0
L_LACD3,0,56.7787049941522
L_LACD2,0,56.7787049941539
ACACT6r,-26.1941055741532,0.405678800181022
TRPtex,-4.2021208551854,-0
TSULtex,0,-0
TYRtex,-5.27358539153556,-0
URAtex,-14.8345583680858,-0
UREAtex,-26.8462598563656,-0
URItex,-6.14793037522816,-0
VALtex,-9.49292613917373,-0
XANtex,-11.2248408469051,-0
XYLtex,0,-0
ABUTtex,-11.2035572628922,-0
FORtppi,0,884.876267555943
DATPHs,0,36.547885988374
GLCTR1,0,0.174990994021323
LIPAabcpp,0,0.379462942267415
LIPACabcpp,0,-0
GGGABADr,0,29.6427759313615
GLYOX3,0,76.9179296440463
FDMO3,0,-0
FDMO4,0,-0
BUTSO3abcpp,0,-0
ETHSO3abcpp,0,-0
O16GLCT1,0,-0
O16AP2pp,0,-0
O16AP3pp,0,-0
O16A4Lpp,0,-0
MALTATr,0,-0
DHBSH,0,55.3047594948882
ENTERES,0,18.4349198316294
FEOXAMUtex,0,70.7902132953453
ARBTNtpp,0,70.7902132953567
ARBTNtex,0,70.7902132953567
23CAMPtex,0,-0
23CCMPtex,0,-0
23CUMPtex,0,-0
23CGMPtex,0,-0
3AMPtex,0,-0
3CMPtex,0,-0
LADGMDH,0,16.1932225159766
ALAGLUE,0,16.1932225159767
FEENTERtpp,0,70.7902132953507
FEENTERtex,0,70.7902132953507
FE3HOXUtpp,0,70.7902132953599
FEOXAMUtpp,0,70.7902132953453
FECRMUtpp,0,70.7902132953559
FE3HOXR2,0,35.3951066476769
PTRCt2pp,0,442.438075959112
GGGABAH,0,29.6427759313616
FRULYSK,0,-0
FDMO6,0,-0
SULFACabcpp,0,-0
ETHSO3tex,0,-0
BUTSO3tex,0,-0
LIPOtex,0,-0
CYANSTpp,0,-0
MCPST,0,-0
PHEMEabcpp,0,1.23511438575279
METSOX1abcpp,0,-0
GALBDtex,0,-0
LIPAHT2ex,0,-0
LIPAHTex,0,-0
ECAP1pp,0,0.174990994021323
UDCPDPpp,0,0.699963976085292
ECAP2pp,0,0.174990994021323
ECA4OALpp,0,0.174990994021323
FE3Ri,0,68.8790483327312
FE3HOXR3,0,35.3951066476814
FEENTERR1,0,35.3951066476758
FEENTERR3,0,35.3951066476804
SULFACtex,0,-0
NODOy,0,-0
GALM2pp,0,-0
CU1abcpp,0,-0
HG2abcpp,0,-0
GLCTR3,0,0.174990994021323
HEPT4,0,0.174990994021323
LA4NTpp,0,-0
NODOx,0,-0
NOtex,0,-0
NOtpp,0,-0
NHFRBO,0,-0
N2Otpp,0,-0
N2Otex,0,-0
CRNt8pp,0,1000
CRNt2rpp,-1000,-0
CRNDt2rpp,-294.958717306064,1000
CTBTt2rpp,-294.958717306064,-0
42A12BOOXpp,0,-0
TYROXDApp,0,-0
PACALDt2rpp,0,-0
PEAMNtex,0,-0
PACALDtex,0,-0
LIPOt2pp,0,-0
NTRIR4pp,0,-0
NTRIR3pp,0,-0
INOSTt4pp,0,-0
PHEMEtiex,0,1.23511438575279
AGM3PA,0,18.7771935851767
CYANtex,0,-0
SO3tex,0,-0
TCYNTtex,0,-0
ACANTHAT,0,-0
METSOX2abcpp,0,-0
METSOX1tex,0,-0
METSOX2tex,0,-0
3UMPtex,0,-0
3GMPtex,0,-0
FALDtpp,0,-0
METSOXR1,0,60.9287239642264
METSOXR2,0,60.9287239642195
DAPAL,0,-0
AMPTASECG,0,52.0515383481257
DOPAtex,0,-0
4HOXPACDtex,0,-0
LACZpp,0,-0
GPDDA1pp,0,-0
GPDDA5pp,0,-0
ETHAtex,-10.4135527743119,-0
G3PStex,0,-0
FEENTERR2,0,35.3951066476776
FLVR,0,34.7040582412948
FE3HOXR1,0,35.3951066476788
FEENTERexs,0,70.7902132953561
FE3HOXexs,0,70.7902132953548
FECRMR3,0,35.3951066476823
FDMO2,0,-0
LALGP,0,16.1932225159766
AGM4PApp,0,17.0928459890848
AGM4PA,0,18.4146995005199
RNDR3b,0,46.3697101152455
RNDR4b,0,46.3676047315034
ACGAL1Ptex,0,-0
ACGALtex,0,-0
GLCUR1Ptex,0,-0
UDPGLCURtex,0,-0
UDPGALPpp,0,-0
UACGAMPpp,0,-0
UACGALPpp,0,-0
UGLCURPpp,0,-0
FEROpp,0,273.285982354368
ISETACabcpp,0,-0
ISETACtex,0,-0
GUR1PPpp,0,-0
UDPGtex,0,-0
ACGAL1PPpp,0,-0
UDPGALtex,0,-0
ACGAM1Ptex,0,-0
UACGAMtex,0,-0
UDPACGALtex,0,-0
AM4PCP,0,18.4146995005216
AM3PA,0,18.7771935851738
UM4PCP,0,18.4146995005195
CBLAT,0,-0
MSO3abcpp,0,-0
MSO3tex,0,-0
FECRMR1,0,35.395106647681
FECRMR2,0,35.3951066476739
TDP,0,221.219037979555
3PEPTabcpp,0,17.4065955132661
4PEPTabcpp,0,17.0928459890858
AGM3Pt2pp,0,18.7771935851832
AGM4Pt2pp,0,18.4146995005175
AGMt2pp,0,17.4065955132641
FECRMexs,0,70.7902132953592
ARBTNR1,0,35.3951066476791
ARBTNR2,0,35.3951066476736
ARBTNR3,0,35.3951066476753
ARBTNexs,0,70.7902132953461
FEOXAMexs,0,70.7902132953687
FEOXAMR1,0,35.3951066476775
FEOXAMR2,0,35.39510664768
FEOXAMR3,0,35.3951066476792
PTHRpp,0,-0
ARABDI,0,-0
AGt3,0,-0
CD2t3pp,0,884.876151918226
ZNabcpp,0,176.975236813717
SKMt2pp,0,-0
FE2t2pp,0,442.438833095955
R5PPpp,0,-0
PSP_Lpp,0,-0
TYRPpp,0,-0
GLYC2Ptex,0,-0
PSERtex,0,-0
R5Ptex,0,-0
THRPtex,0,-0
TYRPtex,0,-0
PAPSR2,0,18.9886106068533
GRXR,0,72.2767158687517
RNDR1b,0,72.2482881397581
RNDR2b,0,72.2483683743086
FACOAE181,0,47.8311433469341
FACOAE160,0,47.843176453623
FACOAE140,0,47.8405747008243
CPGNR1,0,35.3951066476799
CPGNR2,0,35.3951066476785
CPGNR3,0,35.3951066476785
CPGNUtpp,0,70.7902132953542
CPGNUtex,0,70.7902132953542
AAMYL,0,-0
AAMYLpp,0,-0
FACOAL80t2pp,0,-0
PPGPPDP,0,110.60951898978
CPGNabcpp,0,70.7902132953546
CPGNexs,0,70.7902132953609
CITtex,-141.581074410597,-0
ACGAtex,0,-0
DDCAtexi,0,-0
TTDCAtexi,0,-0
HDCAtexi,0,-0
GUACYC,0,110.609518989778
23PDE2pp,0,-0
23PDE4pp,0,-0
23PDE9pp,0,-0
ATPHs,0,69.0877960491786
SARCOX,0,-0
GTPHs,0,55.3047594948907
MN6PP,0,221.219037979557
3KGK,0,-0
F6PP,0,221.219037979556
GDPMNH,0,221.219037979567
FACOAL60t2pp,0,110.609518989783
IDONt2rpp,-9.30818688183172,-0
ILEabcpp,0,176.975230383635
INDOLEt2pp,0,1000
INSt2pp,0,442.438075959138
LYXt2pp,0,-0
GDPDPK,0,110.609518989776
OCDCAtexi,0,-0
OCDCEAtexi,0,-0
G6Ptex,0,-0
TUNGSabcpp,0,-0
MOBDabcpp,6.59978584870819e-07,6.59978584870819e-07
MOBDtex,6.5997858200717e-07,6.5997858200717e-07
NI2uabcpp,0,176.9752364743
NI2tex,3.04532975405891e-05,3.04532975405891e-05
R1PK,0,1000
R15BPK,0,1000
Kabcpp,0,176.982591709367
LEUabcpp,0,176.975230383649
L_LACt2rpp,-16.2602277585626,-0
MALt2_2pp,0,442.438075959141
MALt2_3pp,0,294.958717306102
MALTabcpp,0,-0
MALTHXabcpp,0,-0
MALTPTabcpp,0,-0
MALTTRabcpp,0,-0
MALTTTRabcpp,0,-0
MAN6Pt6_2pp,0,-0
MANGLYCptspp,0,-0
MELIBt2pp,0,442.43807595902
METabcpp,0,176.975230383654
GGPTRCS,0,29.6427759313616
RMNtpp,0,-0
SERt4pp,0,884.87615191824
SUCCt2_3pp,0,294.958717306098
MNLptspp,1.23976699029163,10
NAt3_1p5pp,0,884.876151918321
NAt3_2pp,0,884.876151918225
NH4tpp,1.01824465977916,127.429123505239
NMNPtpp,0,-0
NO2t2rpp,0,-0
NO3t7pp,0,-0
ORNabcpp,0,176.975230383636
PIuabcpp,0,221.241774383232
PNTOt4pp,0,-0
FRULYSDG,0,-0
METDabcpp,0,-0
PROabcpp,0,294.958717306065
PROt2rpp,-1000,-0
PROt4pp,0,1000
PTRCabcpp,0,176.975230383631
ASNNpp,0,126.410878845462
GLUNpp,0,-0
NTD12,0,36.547885988374
FECRMtonex,0,70.7902132953549
ARBTNtonex,0,70.7902132953526
ADOCBLabcpp,0,-0
CRNabcpp,0,294.958717306081
CRNDabcpp,0,294.958717306064
DNTPPA,6.30750961826517e-05,6.3075096182641e-05
CTBTabcpp,0,294.958717306064
NTPP9,0,69.0877960491786
NTPP10,0,36.547885988374
NTPP11,0,55.3047594948907
NTD10pp,0,-0
NTD1pp,0,-0
NTD2pp,0,-0
NTD3pp,0,-0
NTD4pp,0,-0
NTD5pp,0,-0
NTD6pp,0,-0
NTD7pp,0,-0
NTD9pp,0,-0
PEAMNOpp,0,-0
GAL1PPpp,0,-0
H2O2tex,0,-0
ARGDCpp,0,26.349106896063
ALLPI,0,-0
ALLK,0,-0
ALLULPE,0,-0
ADEtex,-9.76571275489414,-0
ADNtex,-5.03387255406994,-0
AGMtex,-7.99996119196737,-0
ALAtex,-18.9858522783493,-0
BALAtex,0,-0
DALAtex,-13.0673427007638,-0
AMPtex,0,-0
ARBtex,0,-0
ARGtex,-7.93518417826806,-0
ASCBtex,0,-0
FACOAL100t2pp,0,-0
RIBabcpp,0,-0
GPDDA3pp,0,-0
GPDDA4pp,0,18.4349198316298
GPDDA2pp,0,17.4065955132662
FACOAL120t2pp,0,47.8311433469358
FACOAL140t2pp,0,47.8311433469343
FE3HOXtonex,0,70.7902132953553
CU2abcpp,0,221.219037979562
COBALT2abcpp,0,221.219037979582
NI2abcpp,0,221.219037979582
MG2uabcpp,0,147.479358653039
HCYSMT2,0,-0
MMETtex,0,-0
FE3tex,-1000,93.1454436911852
MG2tex,0.000817902031940321,0.000817902031940321
Zn2tex,3.21503853228933e-05,3.21503853228933e-05
MMETt2pp,0,-0
CD2tex,0,-0
GLNabcpp,0,-0
GLUabcpp,0,294.958717306069
GLUABUTt7pp,0,1000
GLUt2rpp,-1000,52.051538348127
GLUt4pp,0,1000
GLYALDtpp,-16.7820669711032,-0
ACGK,0.0278880550823013,43.4983430899911
LCTSt3ipp,0,442.438075959027
ARBt3ipp,0,442.438075959062
14GLUCANabcpp,0,-0
14GLUCANtexi,0,-0
DHPTPE,0,-0
NADPHQR2,0,121.825991086302
NADPHQR3,0,121.825991086304
NADPHQR4,0,121.825991086302
GLBRAN2,0,1000
ASR,0,-0
ASO3tex,0,-0
MANGLYCtex,0,-0
METOX1s,0,60.9287239642264
METOX2s,0,60.9287239642195
FRUURt2rpp,0,-0
FRUURtex,0,-0
ECAtpp,0,0.699963976085292
O16AT,0,-0
O16GALFT,0,-0
O16GLCT2,0,-0
O16AUNDtpp,0,-0
O16AP1pp,0,-0
GLYCAt2rpp,-19.9727458372182,-0
GLYCAtex,-19.9727458372175,-0
AGM4PCP,0,18.4146995005187
4PCP,0,18.4146995005182
4PCPpp,0,16.7820669711031
FALDH2,0,-0
GLYBabcpp,0,176.975230383614
GLYC3Pt6pp,0,23.9155716734635
GLYCLTt4pp,0,1000
GLYCtpp,-44.2438075959064,14.8873174743642
H2Otpp,-195.030753219493,30.0086088786429
HCINNMt2rpp,0,-0
HISabcpp,0,294.958717306082
HISt2rpp,-294.958717306082,-0
CBIAT,0,-0
LYSabcpp,0,176.975230383639
COBALT2tex,2.35706636431132e-06,2.35706636431132e-06
PPDOy,0,13.1388738829449
FALGTHLs,0,-0
NTD12pp,0,-0
PPA2,0,221.219037979564
DIMPtex,0,-0
3NTD7pp,0,-0
3NTD4pp,0,-0
3NTD2pp,0,-0
3NTD9pp,0,-0
23PDE7pp,0,-0
GALTptspp,0,-0
GALURt2rpp,0,-0
GLCNt2rpp,-9.30818688183012,-0
GLCptspp,0,-0
GLCRt2rpp,0,-0
GLCt2pp,0,-0
GLCURt2rpp,0,-0
ACMUMptspp,0,-0
HSTPT,0.00893215016764167,7.57917365156906
THDPS,0.0349740565827494,7.43116459255339
ACONMT,0,-0
XTSNtex,-5.42533974267099,-0
GNK,0,221.219037979573
HMBS,4.20500641217693e-05,1.23515643581699
RMK,0,-0
FHL,0,-0
HYPOE,0,221.219037979562
MEPCT,0.000225241262750914,0.000225241262750914
GLUDy,-484.418259215332,220.414073378158
ZN2abcpp,0,221.219037979544
GLYCLTDy,0,121.825991086313
LYSDC,0,7.39619053597035
DAAD,0,67.1604058136916
UREAtpp,-26.8462598563655,-0
XANt2pp,0,884.876151918207
GLYC3Pabcpp,0,22.121903797952
PPPNt2rpp,0,-0
PTRCORNt7pp,-442.438075959124,-0
SPMDabcpp,0,176.975230383645
HG2tex,0,-0
NTPP5,0,110.609518989776
ATPM,6.86,228.079037979553
NADPPPS,0,221.219037979562
NTD3,0,46.3671628807776
GLYOX,0,76.9179296440461
DADNtex,0,-0
DHAtex,-17.4909302830649,-0
ETOHtex,-19.9340452091143,-0
MTRPOX,0,-0
AGM4PCPpp,0,18.0659362524126
GTPDPDP,0,73.7396793265271
RNDR2,0,72.2483683742899
NMNN,0,31.602719711365
XAND,0,17.0028244174783
HACD3,-9.96320635202107,2.31033096485942
ACACtex,0,-0
ACNAMtex,0,-0
ARBTNabcpp,0,70.7902132953526
NNDMBRT,0,-0
THRA2,0,483.614572344281
ASO3t8pp,0,-0
H2Stex,-18.9652773468333,-0
PPK,0,221.219037979527
OMCDC,0.0424772588314907,7.21489818232991
ABUTD,0,38.4091266100362
E4PD,-4.20500641666877e-05,2.10250320833438e-05
IG3PS,0.00893215016764167,7.57917365156906
DADK,-72.2458211398075,110.609518989788
DUTPDP,0,46.3676047315192
NTP5,0,221.219037979547
FORt2pp,0,884.876151918192
MTAN,0,2.54544219744434
DPR,6.35465094952423e-05,6.35465094575571e-05
THRD_L,0.0273918454691335,36.8398308953607
4PEPTtex,-2.63085972084798,-0
NAMNPP,0,31.6027197113668
SELNPS,0,-0
CRNCAR,0,-0
GALabcpp,0,-0
GLYCLTt2rpp,-1000,-0
GUAt2pp,0,884.876151918091
HPPPNt2rpp,0,-0
ANHMK,0,18.7771935851766
DHFR,0.0025300750464794,9.80160927728718
PRAIi,0.005359308957116,5.07380476127844
TYRTA,-5.28660761755975,-0.013022226023395
SHKK,0.0359329111839341,5.30951830272012
SADH,0,34.5438980245906
GLUSy,0,221.219037979531
GUAPRT,0,110.61075248975
PDH,0,493.141564466831
DMSOR2pp,0,-0
H2St1pp,0,18.9652773468333
HYD3pp,0,-0
NO3R1pp,0,-0
AACPS5,0,110.609518989781
MANptspp,0,-0
NTD8,0,72.2458211398078
GALCTD,0,-0
MLTG4,0,221.219037979573
UDPGDC,0,-0
PUNP4,0,72.2458211398032
AMAOTr,1.88565309144906e-07,1.88565309144906e-07
ARGORNt7pp,0,442.438075959077
NTD11pp,0,-0
DKGLCNR2x,0,-0
ACGS,0.0278880550823013,43.4983430899911
PDE1,0,110.609518989773
MCITD,0,82.8262842218074
CU2tex,6.68464024329296e-05,6.68464024329296e-05
GLCATr,0,-0
FECRMUtex,0,70.7902132953559
ALAALAr,0.002619926416628,221.221657905976
CLtex,0.000490741219209667,0.000490741219209667
CELBpts,0,-0
ACACT1r,-9.96320635202073,7.21908123547053
MALTptspp,0,-0
CD2abcpp,0,221.219037979582
G2PPpp,0,-0
Kt3pp,0,442.438075959102
AGM3PApp,0,17.406595513264
SUCOAS,-1000,82.8757786558124
NTP1,0,221.21903797955
GALKr,0,-0
PANTS,6.35465094952423e-05,6.35465094575571e-05
YUMPS,0,-0
DHQS,0.0359329111839341,5.30951830272012
PGCD,0,221.381086705359
ADSL1r,0.0282191757672763,96.7521458255051
SERD_D,0,96.7229144688721
AICART,0.051151357372305,17.0539757748484
FRUpts2pp,0,-0
G6Pt6_2pp,0,-0
PROtex,-9.54934075427764,-0
SBTtex,0,-0
PFK,0,231.136998461577
PGM,-63.4686566462128,201.607867717712
TPI,-70.3191137624003,231.123717995346
RPI,-63.6688696755281,0.183318380081346
PERD,-4.20500641666877e-05,2.10250320833438e-05
PYDAMK,0,221.219037979562
AKGtex,-11.9567375830873,-0
ALLTNtex,-12.3615522278332,-0
ASNtex,-15.0593244039669,-0
FE3HOXabcpp,0,70.7902132953553
FADRx2,0,67.1604058136772
PDE4,0,110.609518989778
AGM4PH,0,18.4146995005168
AM4PA,0,18.4146995005181
ATHRDHr,-483.614572344281,-0
LSERDHr,0,96.7229144688722
DSERDHr,-96.7229144688721,-0
OBTFL,0,36.8124390498954
THRt2pp,0,442.438075959112
G6PP,0,221.219037979556
MMCD,0,82.8262842218206
GLNS,0.147689724875484,221.366727704408
TYMtex,0,-0
GTHS,0,52.051538348131
CMPtex,0,-0
DUMPtex,0,-0
XMPtex,0,-0
3PEPTtex,-3.04346349694424,-0
ANHGMtex,-2.54729320478884,-0
UDPKAAT,0,-0
ULA4NFT,0,-0
UPLA4FNT,0,-0
UPLA4FNF,0,-0
ULA4Ntppi,0,-0
HEPT1,0,0.174990994021323
FALDtex,0,-0
ALR2,0,13.1388738829441
AMALT2,0,-0
MLTP1,-221.219037979546,-0
HEPT2,0,0.174990994021323
CYSDtex,0,-0
CYSDabcpp,0,-0
HXAND,0,53.0888464490839
G3PItex,0,-0
G3PGtex,-5.44452873360069,-0
G3PEtex,-6.06794805424227,-0
G3PCtex,0,-0
MOAT3C,0,0.174990994021323
RHAT1,0,0.174990994021323
GLCabcpp,0,-0
GALT1,0,0.174990994021323
GLCTR2,0,0.174990994021323
UDPGPpp,0,-0
PPPGO,0,1.22240205603456
DAMPtex,0,-0
DCMPtex,0,-0
DGMPtex,0,-0
DTMPtex,0,-0
GMPtex,0,-0
IMPtex,0,-0
UMPtex,0,-0
G1Ptex,0,-0
ADNK1,0,221.221568431735
CUt3,0,-0
ZN2t3pp,0,884.876151918226
SKMtex,0,-0
MNt2pp,0,884.876151918226
MNtex,6.51493145369386e-05,6.51493145369386e-05
GAL1Ptex,0,-0
O2Stex,0,-0
HEPK1,0,0.174990994021323
HEPT3,0,0.174990994021323
HEPK2,0,0.174990994021323
ALDD3y,0,-0
R5PP,0,221.219037979573
CYSSADS,0,-0
CPPPGO2,0,0.985371186443376
AGM3PH,0,18.7771935851768
HOMt2pp,0,12.2499405751975
HOMtex,-12.2499405751976,-0
SO2tex,0,-0
SO2tpp,0,-0
LDH_D2,0,121.825991086298
SHCHF,2.10250320608847e-05,2.10250320608847e-05
SUCBZL,0,-0
CYSDDS,0,-0
CYStpp,0,221.219037979495
ACSERtpp,0,11.2315559319178
ACSERtex,-11.2315559319178,-0
LALDO3,0,56.778704994154
NTP10,0,221.219037979558
PRAIS,0.0422402322371726,17.0450646497146
GDMANE,0,-0
GPDDA4,0,22.1219037979537
LPLIPAL2E140,0,20.7461715432562
LPLIPAL2E180,0,20.7461715432601
LPLIPAL2G161,0,22.1219037979577
LPLIPAL2G181,0,22.1219037979557
2AGPE120tipp,0,44.2438075959124
AACPS6,0,110.609518989777
AACPS7,0,110.616856443116
G3PGabcpp,0,17.016849075351
G3PIabcpp,0,-0
G3PSabcpp,0,-0
QMO2,0,121.857447928445
QMO3,0,121.857394093059
LPLIPAL2E141,0,20.7461715432547
LPLIPAL2E161,0,20.7461715432596
LPLIPAL2E181,0,20.74617154326
LPLIPAL2G180,0,22.121903797956
LPLIPAL2G141,0,22.1219037979546
2AGPA120tipp,0,30.5129707557995
2AGPG180tipp,0,44.2438075959077
IPDDI,-0.000199030684711943,2.62105780848287e-05
2AGPGAT180,0,44.2438075959281
2AGPGAT181,0,44.2438075959084
LPLIPAL2ATG120,0,-0
PLIPA1E140pp,0,44.2438075959129
PLIPA1E160pp,0,44.243807595911
PLIPA1E161pp,0,44.2438075959156
AACPS8,0,110.613187716452
AACPS9,0,110.609518989769
HXCT,0,221.219037979571
2AGPEAT160,0,44.243807595911
DURADx,0,-0
ECOAH7,-26.2072913887837,0.0262158579135985
G1PPpp,0,-0
GALCTND,0,-0
GCALDD,0,6.3075096182641e-05
HISTP,0.00893215016764167,7.57917365156906
LDH_D,-121.825991086307,76.9179296440434
AMALT4,0,-0
NTD11,0,221.219037979552
ORNDC,0,38.4091266100329
UPP3MT,2.10250320608847e-05,2.10250320608847e-05
KAS15,0,9.99675966327612
ALAALAtex,-6.53343448032183,-0
FACOAL181t2pp,0,47.8311433469184
T2DECAI,0,16.2992155588786
3OAS161,0,26.2270547112261
EAR141y,0,16.0091719856348
EAR161x,0,26.2270547112273
DASYN160,0.00601655334499235,110.615535543124
DASYN161,0.00709137561178197,110.616610365387
DASYN181,0,110.609518989768
CDAPPA161,0,110.609518989783
PGSA180,0,44.2438075959093
PSSA140,0,20.7461715432599
2AGPGAT141,0,44.2438075959261
FACOAE180,0,47.8311433469281
FACOAE100,0,26.2233840442461
FACOAE80,0,17.9149851391341
FACOAE60,0,221.219037979542
PLIPA1E120pp,0,44.2438075959124
MALtex,-17.4371124677536,-0
NO3tex,0,-0
3OAS141,0,16.2992155588792
3OAR121,0,16.2992155588786
CFAS160G,0,-0
URAt2pp,0,884.876151918251
FACOAE141,0,47.8422595573444
FACOAE161,0,47.8453260981545
TTDCEAtexi,0,-0
HDCEAtexi,0,-0
ALAALAD,0,221.219037979553
2AGPEAT180,0,44.2438075959087
2AGPEAT181,0,44.2438075959004
2AGPGAT140,0,44.2438075959132
PLIPA1E181pp,0,44.2438075959094
PLIPA1G180pp,0,44.2438075959077
PLIPA1G181pp,0,44.243807595916
ALAALAabcpp,0,18.7771935851754
HEXt2rpp,-110.609518989765,-0
G3PEabcpp,0,16.4823872037607
G3PCabcpp,0,-0
2AGPGAT161,0,44.2438075959111
AMPTASEPG,0,-0
PROGLYabcpp,0,-0
GTHRDabcpp,0,110.609518989779
2AGPG140tipp,0,44.2438075959116
2AGPG160tipp,0,44.2438075959128
2AGPG141tipp,0,44.2438075959062
2AGPG161tipp,0,44.243807595912
2AGPG181tipp,0,44.243807595916
2AGPEAT140,0,44.2438075959125
2AGPEAT120,0,44.2438075959128
2AGPEAT161,0,44.2438075959109
2AGPEAT141,0,44.2438075959107
2AGPGAT160,0,44.2438075959055
LPLIPAL2ATG140,0,-0
LPLIPAL2ATG141,0,-0
LPLIPAL2ATG160,0,-0
LPLIPAL2ATG180,0,-0
LPLIPAL2ATG161,0,-0
LPLIPAL2ATG181,0,-0
CLPNS180pp,0,44.2438075959096
CLPNS181pp,0,44.2438075959128
PG161abcpp,0,44.2438075959098
PGP120abcpp,0,42.1369596151536
PGP161abcpp,0,42.1369596151556
PGP181abcpp,0,42.1369596151512
PA120abcpp,0,98.3195724353589
PLIPA1G120pp,0,44.24380759591
CLPNS120pp,0,44.2438075959094
ALPATE160pp,0,-0
ALPATG160pp,0,-0
2AGPGAT120,0,44.2438075959134
LPLIPAL2ATE120,0,-0
LPLIPAL2ATE140,0,-0
LPLIPAL2ATE160,0,-0
LPLIPAL2ATE180,0,-0
LPLIPAL2ATE141,0,-0
LPLIPAL2ATE161,0,-0
LPLIPAL2ATE181,0,-0
FACOAL141t2pp,0,47.8311433469358
FACOAL161t2pp,0,47.8311433469187
PA160abcpp,0,98.3195724353595
PA181abcpp,0,98.3195724353535
12DGR141tipp,0,98.3195724353634
PGPP140pp,0,42.136959615149
PGPP141pp,0,42.1369596151517
PGPP160pp,0,42.1369596151519
PGPP180pp,0,42.1369596151543
CLPNH141pp,0,44.2438075959127
CLPNH160pp,0,44.2438075959101
CLPNH161pp,0,44.2438075959107
CLPNH181pp,0,44.2438075959128
PLIPA1E180pp,0,44.2438075959122
PLIPA1G140pp,0,44.2438075959116
PLIPA1G161pp,0,44.243807595912
CLPNS160pp,0,44.2438075959101
CLPNS161pp,0,44.2438075959108
PG160abcpp,0,44.2438075959073
PGP140abcpp,0,42.136959615149
PAPA120pp,0,98.3195724353516
PAPA140pp,0,98.3195724353609
PAPA141pp,0,98.3195724353634
PAPA160pp,0,98.3195724353535
PAPA161pp,0,98.319572435357
PAPA180pp,0,98.3195724353634
HPYRI,-1000,221.219037979553
FE3HOXUtex,0,70.7902132953599
TPRDCOAS,0,-0
ACGAM1PPpp,0,-0
GAMptspp,0,-0
GSNt2pp,0,442.4380759591
GSNtex,-5.11195767484821,-0
FORtex,-98.6283360208956,-0
D_LACt2pp,-19.7995316617086,-0
RIBtex,0,-0
FLVRx,0,35.3951066476786
THMtex,0,-0
XYLUtex,0,-0
ALLtex,0,-0
GGPTRCO,0,29.6427759313616
34dhpactex,0,-0
MALTHXtexi,0,-0
12PPDStpp,-13.1388738829451,-0
HYD1pp,0,-0
FE3DHBZStonex,0,-0
AACTOOR,0,38.7602626040409
H2tpp,0,-0
23DAPPAtex,0,-0
ECAP3pp,0,0.174990994021323
FEOXAMtonex,0,70.7902132953602
FMNRx,0,35.3951066476784
PHEt2rpp,-5.08131925747045,884.876151918031
DHBS,0,55.3047594948911
MDDCP1pp,0,9.20734975026005
GUI2,0,-0
OMBZLM,0,-0
GLYCK,0,221.219037979568
MLTG5,0,221.219037979559
GPDDA3,0,-0
2DOXG6PP,0,-0
OXAMTC,0,14.4873529814397
UDCPPtppi,0,0.699963976085292
AGMH,0,18.777193585172
MPTG,0.00130996320831359,9.38990675579702
MPTG2,0,6.13823316684005
MCTP1App,0.00130996320831359,9.2983999644464
MCTP2App,0,6.13823316684005
MCTP1Bpp,0,9.3885967925869
MELIBt3ipp,0,442.43807595902
GLCtex_copy2,-1000,-0
NAt3pp,0,1000
SFGTHi,0,-0
DHORDfum,0,14.8657465989447
K2L4Aabcpp,0.00183436333532095,0.00183436333532095
DSBCGT,0,-0
DSBGGT,0,-0
DHNAOT4,0,-0
AMPMS2,2.10250320608847e-05,2.10250320608847e-05
THIORDXi,0,60.9287239642239
PPPGO3,0,1.23513541078498
PDX5POi,0,2.10250320608847e-05
PDX5PO2,0,2.10250320608847e-05
PLIPA1A181pp,0,30.5129707558043
LPLIPAL2A141,0,30.5129707558011
HG2t3pp,0,-0
CYTBO3_4pp,0,121.857447928438
EAR141x,0,16.2992155588769
EAR181x,0,26.2194494678156
EAR181y,0,25.4808734264683
G3PAT141,0,30.5129707557865
G3PAT181,0,30.512970755803
DASYN140,0,110.609518989768
DASYN180,0,110.609518989775
DASYN141,0,110.60951898978
CDAPPA160,0,110.609518989784
CDAPPA141,0,110.609518989769
PGSA141,0,44.2438075959161
5DOAN,2.12135973708478e-05,3.46263820401147
MINOHPtexi,0,-0
12PPDRtpp,-13.3770312424405,-0
FACOAE120,0,47.8453104013659
3OAR120,0,26.2233840442457
3HAD80,0,9.99675966327585
3HAD120,0,26.2233840442458
EAR180x,0,26.2194494678147
SO4t2pp,0,18.9890196050119
EAR180y,0,25.4808734264664
AGPAT120,0,30.512970755801
PGPP120,0,44.2438075959133
DAGK120,0,221.219037979556
PSSA180,0,20.7461715432584
PSSA161,0.00709137561178197,20.7532629188716
PSSA141,0,20.7461715432591
PSD160,0.00601655334499235,20.7521880966053
PSD161,0.00709137561178197,20.7532629188716
PSD180,0,20.7461715432584
COLIPAabcpp,0,0.174990994021323
PLIPA2A140pp,0,23.9155716734651
PLIPA2A141pp,0,23.9155716734671
PLIPA2A180pp,0,23.9155716734665
GAM6Pt6_2pp,0,-0
PPALtex,0,-0
CA2tex,0.000490741219209667,0.000490741219209667
CUtex,0,-0
CU1Opp,0,-0
SUCDi,0,121.857447928444
LPLIPAL1E141pp,0,17.4065955132673
LALDO2x,0,13.1388738829449
12PPDRtex,-13.3770312424414,-0
LPLIPAL1E160pp,0,17.4065955132661
LPLIPAL1E180pp,0,17.4065955132618
LPLIPAL1E181pp,0,17.4065955132647
LPLIPAL1G160pp,0,18.4349198316308
LPLIPAL1G161pp,0,18.4349198316294
LPLIPAL1G120pp,0,18.4349198316306
PLIPA2E140pp,0,17.4065955132768
PLIPA2E160pp,0,17.4065955132661
PLIPA2A161pp,0,23.9155716734646
PLIPA2A181pp,0,23.9155716734669
F6Ptex,0,-0
GAMAN6Ptex,0,-0
ALR4x,0,13.3770312424432
LPLIPAL1G141pp,0,18.4349198316291
LPLIPAL1G180pp,0,18.4349198316273
LPLIPAL1G181pp,0,18.4349198316317
ACONIs,0,-0
ACONTb,0.101371956374805,88.8146367483521
GLCP2,0,221.219037979529
F6Pt6_2pp,0,-0
PPALtpp,0,-0
PLIPA2E141pp,0,17.4065955132673
PLIPA2E181pp,0,17.4065955132647
PLIPA2G140pp,0,18.4349198316293
3HAD161,0,26.2270547112261
PLIPA2G160pp,0,18.4349198316308
PLIPA2G181pp,0,18.4349198316317
ASNS1,0,80.4577493687229
EAR80y,0,9.88750545930583
EAR120y,0,25.4846971697586
3OAR181,0,26.2194494678155
3HAD121,0,16.2992155588786
EAR121y,0,16.0091719856329
GTHRDHpp,0,52.0515383481299
PROGLYtex,0,-0
MDDCP2pp,0,6.13823316684005
MDDCP3pp,0,9.20734975026152
EAR140x,0,26.2203214320673
EAR40y,0,9.88750545930532
3OAS181,0,26.2194494678155
EAR161y,0,25.4882644376683
G3PAT140,0,30.5129707557879
G3PAT160,0,30.5189873091426
G3PAT161,0,30.5200621314095
AGPAT160,0.00601655334499235,30.5189873091474
CDAPPA140,0,110.609518989786
MLDCP1App,0,9.29709000123758
EAR160y,0,25.4871442003791
EAR100y,0,17.5671213500282
3OAR141,0,16.2992155588792
3OAR161,0,26.2270547112261
3HAD141,0,16.2992155588792
EAR121x,0,16.2992155588809
PSD140,0,20.7461715432599
MICITDr,0,82.8262842218073
CDAPPA181,0,110.609518989773
PGSA140,0,44.2438075959147
LPLIPAL1A141pp,0,23.9155716734671
LPLIPAL1A180pp,0,23.9155716734665
LPLIPAL1E140pp,0,17.4065955132768
LPLIPAL1E161pp,0,17.4065955132683
LPLIPAL1G140pp,0,18.4349198316293
ACONTa,0.101371956374805,88.8146367483521
MLDCP2App,0,9.29709000123809
12DGR140tipp,0,98.3195724353609
12DGR160tipp,0,98.3195724353535
12DGR180tipp,0,98.3195724353634
PGPP120pp,0,42.1369596151536
PGPP181pp,0,42.1369596151512
CLPNH120pp,0,44.2438075959095
CLPNH140pp,0,44.2438075959115
PGSA181,0,44.2438075959151
PGPP140,0,44.243807595912
PGPP141,0,44.2438075959119
MDDCP5pp,0,9.29709000123758
MLTGY3pp,0,9.38859679258988
G3PAT180,0,30.5129707557996
AGPAT140,0,30.512970755797
PGSA160,0,44.2438075959154
MLDCP2Bpp,0,9.20734975026042
3OAS140,0.00733745334128381,26.2276588854078
3OAR140,0.00733745334127889,26.2276588854079
3OAR160,0,26.2259020032798
PGSA161,0,44.2438075959107
3HAD181,0,26.2194494678155
PGPP160,0,44.2438075959114
PGPP180,0,44.2438075959138
PGPP161,0,44.2438075959094
PGPP181,0,44.2438075959124
CDAPPA180,0,110.609518989788
NTP12,0,-0
PE141abcpp,0,44.2438075959095
PE160abcpp,0.00601655334499235,44.2498241492528
PE161abcpp,0.00709137561178197,44.2508989715223
PSD141,0,20.7461715432591
PG140abcpp,0,44.2438075959106
PG141abcpp,0,44.2438075959125
PG180abcpp,0,44.2438075959074
PG181abcpp,0,44.2438075959108
PGP141abcpp,0,42.1369596151517
PGP160abcpp,0,42.1369596151519
PGP180abcpp,0,42.1369596151543
PAPA181pp,0,98.3195724353541
PA140abcpp,0,98.3195724353521
12DGR120tipp,0,98.3195724353516
MDDCP4pp,0,9.20734975026003
CLPNS140pp,0,44.2438075959114
CLPNS141pp,0,44.2438075959126
PG120abcpp,0,44.2438075959099
PE140abcpp,0,44.2438075959112
CFAS160E,0,-0
CFAS180E,0,-0
CFAS180G,0,-0
PAPA160,0,221.219037979564
PAPA180,0,221.219037979561
PAPA181,0,221.219037979545
PETNT161pp,0,0.379462942267418
PSSA160,0.00601655334499235,20.7521880966053
PSSA181,0,20.7461715432575
DAGK140,0,221.219037979552
DAGK160,0,221.219037979545
DAGK141,0,221.219037979542
DAGK161,0,221.219037979546
AGPAT181,0,30.5129707557999
MDDEP3pp,0,9.20734975025926
MDDEP4pp,0,6.13823316684005
MLTGY1pp,0,9.20734975026029
CGLYtex,-6.33428745208528,-0
3HAD40,0,9.99675966327715
PLIPA1E141pp,0,44.2438075959032
3OAS60,0,9.99675966327581
3OAS160,0,26.2259020032798
3OAR60,0,9.99675966327584
3OAR80,0,9.99675966327584
MLDCP3App,0,9.38859679258705
MLDCP1Bpp,0,9.11932537406419
2AGPE181tipp,0,44.2438075959094
2AGPA140tipp,0,30.5129707558006
2AGPA160tipp,0,30.5129707558015
2AGPA180tipp,0,30.5129707558008
2AGPA141tipp,0,30.5129707558011
PLIPA1G160pp,0,44.2438075959128
PLIPA1G141pp,0,44.2438075959062
LPLIPAL2E160,0,20.7461715432605
LPLIPAL2G140,0,22.1219037979562
LPLIPAL2G160,0,22.1219037979547
2AGPE140tipp,0,44.2438075959129
2AGPE160tipp,0,44.243807595911
2AGPE180tipp,0,44.2438075959122
2AGPE141tipp,0,44.2438075959032
2AGPE161tipp,0,44.2438075959156
2AGPA161tipp,0,30.5129707557985
2AGPA181tipp,0,30.5129707558043
2AGPG120tipp,0,44.24380759591
LPLIPAL2G120,0,22.1219037979546
PA141abcpp,0,98.3195724353592
PA161abcpp,0,98.3195724353609
PA180abcpp,0,98.3195724353592
PGPP161pp,0,42.1369596151556
PE120abcpp,0,44.243807595914
PE180abcpp,0,44.2438075959126
PAPA140,0,221.219037979562
PAPA141,0,221.219037979568
PAPA161,0,221.219037979564
GTHOXtex,0,-0
DSBAO1,0,-0
DSBAO2,0,-0
DSBDR,0,-0
TDSR1,0,-0
CGLYabcpp,0,52.0515383481257
PLIPA2A120pp,0,23.9155716734627
PLIPA2A160pp,0,23.9155716734655
CLPNH180pp,0,44.2438075959096
LPLIPAL2E120,0,20.7461715432558
EAR100x,0,17.9149851391382
EAR120x,0,26.2233840442471
EAR160x,0,26.2259020032884
EAR140y,0,25.4817208283477
3OAS121,0,16.2992155588786
3OAS80,0,9.99675966327585
3OAS100,0,17.9149851391388
3OAS120,0,26.2233840442458
3OAR40,0,9.9967596632772
3OAR100,0,17.9149851391387
3HAD60,0,9.99675966327581
3HAD100,0,17.9149851391388
3HAD140,0,26.2203214320692
3HAD160,0,26.2259020032798
AGPAT180,0,30.5129707557973
AGPAT141,0,30.5129707558024
AGPAT161,0.00709137561178197,30.5200621314128
DASYN120,0,110.60951898978
EAR40x,0,9.9967596632761
EAR60y,0,9.88750545930568
MLDEP1pp,0,9.38859679258705
MLDEP2pp,0,9.29709000123806
MLTGY2pp,0,9.29709000123677
MLTGY4pp,0,6.13823316684005
EAR60x,0,9.99675966327535
EAR80x,0,9.99675966327565
PE181abcpp,0,44.2438075959159
12DGR161tipp,0,98.3195724353552
12DGR181tipp,0,98.3195724353584
NTP11,0,-0
3OAS180,0,26.2194494678144
3HAD180,0,26.2194494678144
CDAPPA120,0,110.609518989774
PSSA120,0,20.7461715432573
PSD120,0,20.7461715432573
PAPA120,0,221.219037979553
MDDEP1pp,0,9.20734975026038
MDDEP2pp,0,9.29709000123758
PSD181,0,20.7461715432575
DAGK180,0,221.21903797957
DAGK181,0,221.219037979545
PLIPA2E120pp,0,17.4065955132649
PLIPA2G141pp,0,18.4349198316291
PLIPA2G161pp,0,18.4349198316294
LPLIPAL1A120pp,0,23.9155716734627
LPLIPAL1A140pp,0,23.9155716734651
LPLIPAL1A181pp,0,23.9155716734669
LPLIPAL1E120pp,0,17.4065955132649
3OAR180,0,26.2194494678145
G3PAT120,0,30.5129707557965
PGSA120,0,44.2438075959126
TDSR2,0,-0
GTHRDtex,-4.17637692802145,-0
GTHRDabc2pp,0,110.609518989778
OMMBLHX3,0,-0
NADHPO,0,60.9287239642219
ACOAD7f,-0.0120331066899553,26.2138688965968
ACOAD8f,0,26.2194494678165
ACOAD5f,-2.3103309648593,26.1898307329909
ACOAD3f,-2.31033096485942,9.96320635202107
ACOAD2f,-7.21908123547053,9.96320635202073
ACOAD4f,-2.31033096485965,17.8814318278837
ACOAD6f,-0.405678800181022,26.2017108175678
NADH16pp,0,121.825991086315
NADH18pp,0,121.825991086308
GLYBt2pp,0,442.438075959112
DSERt2pp,0,-0
ALAt4pp,0,884.876151918247
LYSt3pp,0,442.438075959137
CTBTCAL2,0,-0
BGLA1,0,-0
GDPMNP,0,221.21903797956
OPHHX3,0,2.10250320608847e-05
AMMQLT8,0,-0
FA120ACPHi,0,110.609518989789
FA80ACPHi,0,110.609518989774
FA140ACPHi,0,110.609518989784
FA100ACPHi,0,110.609518989779
CRNDCAL2,0,-0
CRNCAL2,0,-0
CHLt2pp,0,442.438075959074
GLYt4pp,0,884.876151918234
FRULYSE,0,-0
FRULYSt2pp,0,-0
TUNGStex,0,-0
COBALT2tpp,2.35706637453864e-06,884.87615427534
OXCDC,0,-0
LPLIPAL2A140,0,30.5129707558006
LPLIPAL2A160,0,30.5129707558015
LPLIPAL2A161,0,30.5129707557985
LPLIPAL2A180,0,30.5129707558008
LPLIPAL2A181,0,30.5129707558043
UM3PL,0,18.7771935851767
UM4PL,0,18.4146995005195
2MAHMP,0,221.219037979564
ZN2tpp,0,884.876184068658
NI2tpp,0,884.876182371461
COBALT2t3pp,0,884.876151918226
23DAPPAt2pp,0,-0
PLIPA1A120pp,0,30.5129707557995
PLIPA1A140pp,0,30.5129707558006
PLIPA1A141pp,0,30.5129707558011
PLIPA1A160pp,0,30.5129707558015
PLIPA1A161pp,0,30.5129707557985
PLIPA1A180pp,0,30.5129707558008
LPLIPAL2A120,0,30.5129707557995
CAt6pp,-1000,-0.000490741219209667
5DGLCNt2rpp,-9.81688545079066,-0
GALCTNt2pp,0,-0
GALCTNLtex,0,-0
KDUI,0,-0
CA2t3pp,0,999.999509258781
NADH17pp,0,121.825991086307
FA161ACPHi,0,110.609518989773
FA141ACPHi,0,110.609518989777
ARGt3pp,0,442.438075959033
FA160ACPHi,0,110.60951898978
MALDtex,0,-0
OROTtex,0,-0
PPAt4pp,0,-0
OROTt2_2pp,0,-0
MALDt2_2pp,0,-0
5DGLCNtex,-9.81688545078919,-0
DTARTD,0,-0
PLIPA2E161pp,0,17.4065955132683
PLIPA2E180pp,0,17.4065955132618
PLIPA2G120pp,0,18.4349198316306
PLIPA2G180pp,0,18.4349198316273
LPLIPAL1A161pp,0,23.9155716734646
LPLIPAL1A160pp,0,23.9155716734655
PSCLYSt2pp,0,-0
LYSt2pp,0,442.438075959136
GLYt2pp,0,884.876151918211
ALAt2pp,0,884.876151918146
BALAt2pp,0,-0
DALAt2pp,0,36.1331824680173
FE2tpp,0,884.877666191913
MN2tpp,0,1000
MG2tpp,0,442.438075959138
NI2t3pp,0,884.876151918168
PPAtex,0,-0
GALCTNLt2pp,0,-0
GALCTLO,0,-0
THYMt3pp,0,9.79907920223987
PSCLYStex,0,-0
THYMtex,-9.79907920223991,-0
CU2tpp,6.68464023819158e-05,221.219104825955
FE2t3pp,0,884.876151918279
MN2t3pp,0,884.876151918151
MG2t3_2pp,-442.437258057107,0.000817902031940321
CD2tpp,0,884.876151918188
ETHAt2pp,0,17.4065955132663
FE3abcpp,0,93.1454436911869
THRA,0,50.9882632665632
XYLK2,0,-0
GLDBRAN2,0,1000
CLt3_2pp,0,0.000245370609589472
POR5,-483.60431863416,37.0755600619104
HACD8,-26.2194494678125,-0
CTECOAI8,0,26.219449467814
CTECOAI6,-26.2270547112249,16.2985766962095
MTHTHFSs,0,9.13875812298847
SELGTHR,0,-0
SELGTHR3,0,-0
MALCOAMT,1.88565309963091e-07,1.88565309963091e-07
OGMEACPS,1.88565309963091e-07,1.88565309963091e-07
OGMEACPR,1.88565309963091e-07,1.88565309963091e-07
OPMEACPS,1.88565309963091e-07,1.88565309963091e-07
LIPAabctex,0,-0
DGUNC,0,55.3047594948636
CDGUNPD,0,55.3047594948636
LDGUNPD,0,55.3047594948636
MPTAT,0,-0
MOADSUx,0,-0
CMtpp,0,884.876151918226
FUSAtpp,0,884.876151918226
RFAMPtex,0,884.876151918226
MINCYCtex,0,884.876151918226
MINCYCtpp,0,884.876151918226
DOXRBCNtex,0,884.876151918105
DOXRBCNtpp,0,884.876151918105
ETOHtrpp,-19.9340452091138,-0
REPHACCOAI,0,-0
ACPPAT141,0,110.609518989774
ACPPAT161,0,110.616610365382
ACPPAT180,0,110.609518989801
APG3PAT160,0,30.5189873091454
APG3PAT161,0,30.5200621314145
APG3PAT180,0,30.512970755799
ICYSDS,2.08364667509216e-05,0.000124358821920659
I4FE4SR,0,2.45134902952019e-05
S2FE2ST,0,2.63991433948328e-06
BMOCOS,0,-0
BWCOS,0,-0
BWCOGDS1,0,-0
BWCOGDS2,0,-0
DHNPTE,0,-0
DHMPTR,0,-0
NOVBCNtpp,0,884.876151918226
CMtex,0,884.876151918226
LALALGLUtex,0,-0
LALADGLUtpp,0,-0
I2FE2SS,-1.88565309963091e-07,2.69648393247221e-05
I2FE2ST,0,2.63991433948328e-06
I2FE2SS2,0,2.45134902952019e-05
I4FE4ST,0,2.45134902952019e-05
S4FE4ST,0,2.45134902952019e-05
S2FE2SS2,0,2.45134902952019e-05
BTS5,1.88565309963091e-07,1.88565309963091e-07
5MTRtex,-2.54544219744434,-0
LALADGLUtex,0,-0
LALALGLUtpp,0,-0
3AMACHYD,0,11.2643131725986
3HPPtex,-11.2643131725986,-0
CCGS,0,-0
CDGR,0,-0
CBMD,0,11.2643131725986
MSAR,0,11.2643131725986
ACPPAT120,0,110.609518989769
CPH4S,0,-0
SHCHCS3,0,-0
URACPAH,0,11.2643131725986
POAACR,0,11.2643131725986
ACPPAT160,0,110.615535543124
ACPPAT181,0,110.609518989762
APH141,0,110.609518989779
APH161,0,110.609518989779
APH180,0,110.609518989763
APH181,0,110.609518989775
GTHPi,0,60.9287239642243
SEPHCHCS,0,-0
DHNCOAS,0,-0
DHNCOAT,0,-0
FESD1s,0,60.9289080039546
I2FE2SR,0,1.88565309963091e-07
TYRL,2.10250320608847e-05,3.4626117714348
THZPSN3,2.10250320608847e-05,2.10250320608847e-05
APG3PAT120,0,30.5129707558019
APH120,0,110.609518989787
MOCDS,0,-0
FUSAtex,0,884.876151918226
NOVBCNtex,0,884.876151918226
QUIN2tex,0,-0
FORCT,0,-0
DHPTDCs2,0,9.13875812298847
PACCOAE,0,-0
OXDHCOAT,0,-0
HADPCOADH3,0,-0
O16A4COLIPAabctex,0,-0
COLIPAabctex,0,-0
ENLIPAabctex,0,0.37946294226746
PYROX,0,11.2643131725986
BMOGDS1,0,-0
MPTS,0,-0
MOCOS,0,-0
BMOGDS2,0,-0
FESD2s,0,-0
S2FE2SR,0,1.88565309963091e-07
ACACT8r,0,26.2194494678126
CTECOAI7,-26.2336322190392,26.2128719600014
CLIPAabctex,0,-0
K2L4Aabctex,0.00183436333532095,0.00183436333532095
FDH4pp,0,121.825991086313
FDH5pp,0,121.825991086313
ACPPAT140,0,110.609518989776
APG3PAT140,0,30.5129707558007
APG3PAT141,0,30.5129707558027
APG3PAT181,0,30.512970755802
APH140,0,110.60951898978
APH160,0,110.609518989769
OPMEACPD,1.88565309963091e-07,1.88565309963091e-07
EPMEACPR,1.88565309963091e-07,1.88565309963091e-07
AOXSr2,1.88565309963091e-07,1.88565309963091e-07
MEOHtrpp,-1.88565309144906e-07,-1.88565309144906e-07
SCYSDS,0,0.000103333789859774
S2FE2SS,0,2.71534046346852e-05
S4FE4SR,0,2.45134902952019e-05
SELtex,0,-0
SELR,0,-0
OGMEACPD,1.88565309963091e-07,1.88565309963091e-07
EGMEACPR,1.88565309963091e-07,1.88565309963091e-07
OPMEACPR,1.88565309963091e-07,1.88565309963091e-07
PMEACPE,1.88565309963091e-07,1.88565309963091e-07
MEOHtex,-1.88565309144906e-07,-1.88565309144906e-07
MECDPDH5,0.000225241262750914,0.000225241262750914
RNTR1c2,0,72.2482881397546
RNTR2c2,0,72.248368374372
RNTR3c2,0,46.3697101152531
RNTR4c2,0,46.3676047314575
FLDR2,0,483.614572344258
CDGS,0,-0
5MTRtpp,0,2.54544219744434
TTRCYCtex,0,884.876151918126
TTRCYCtpp,0,884.876151918126
FESR,0,121.857816007909
OXCOAHDH,0,-0
DHACOAH,0,-0
THFAT,0,1000
FOMETRi,0,1000
SLNTtex,0,-0
SELGTHR2,0,-0
GDPTPDP,0,110.609518989784
COLIPAKpp,0,-0
3HPPtpp,0,11.2643131725986
MPTSS,0,-0
CPMPS,0,-0
LIPOCT,0,-0
LIPOS,0,-0
OCTNLL,0,-0
LIPATPT,0,-0
LIPAMPL,0,-0
ALDD19xr,0,-0
MMM,0,82.8262842218206
MOGDS,0,-0
WCOS,0,-0
RFAMPtpp,0,884.876151918226
VPAMTr,-999.960103163153,999.945142202895
ACOLIPAabctex,0,-0
ECA4COLIPAabctex,0,0.174990994021323
COLIPAPabctex,0,-0
CH4tex,0,-0
TARTRDtex,0,-0
3OXCOAT,0,-0
BTNt2ipp,0,-0
BTNtex,0,-0
2DGULRGx,0,-0
2DGULRGy,0,-0
AP4AS,0,110.60951898978
ARBTptspp,0,-0
ARBTtex,0,-0
DMSOtpp,0,-0
PYDXtex,0,-0
PYDXtpp,0,-0
SUCASPtpp,-1000,1000
SUCMALtpp,-442.438075959077,884.876151918219
PYDXNtex,0,-0
PYDXNtpp,0,-0
PYDAMtex,0,-0
PYDAMtpp,0,-0
13PPDH2,0,-0
TARTt2_3pp,0,294.958717306098
SUCTARTtpp,-294.958717306098,-0
APCS,0,-0
CHTBSptspp,0,-0
CHTBStex,0,-0
TRPtipp,0,884.876151917984
TYRtipp,0,884.876151917996
ThDPAT,0,-0
GHBDHx,0,-0
APPLDHr,0,-0
SPMDt3pp,0,176.975230383652
PHEtipp,0,884.876151917996
G2PP,0,-0
MALt3pp,0,884.876151918238
CITt3pp,0,884.876151918024
DHNPA2r,6.30750961363447e-05,6.30750961363447e-05
QUIN2tpp,0,-0
GLYC2Pabcpp,0,-0
CRNDtex,0,-0
SHGO,0,115.246523549269
NADHXD,0,221.219037979559
NADPHHR,0,221.219037979539
NADPHHS,0,221.219037979539
NADHHS,0,221.219037979572
NADHXE,-221.219037979572,-0
SELabcpp,0,-0
PYK2,0,230.753420852656
PYK3,0,230.753420852644
PYK4,0,230.753420852666
NADPHXD,0,221.219037979559
NADHHR,0,221.219037979572
NADPHXE,0,221.219037979539
ALAtpp,0,884.876151918266
DHBSZ3FEabcpp,0,-0
FE3DHBZS3R,0,-0
DXYLONtpp,-6.30750961363447e-05,-0
DXYLTD,-6.30750961363447e-05,-0
2DDARAA,-6.30750961363447e-05,-0
2DGLCptspp,0,-0
GNP,0,221.219037979551
ALLTAMH2,0,17.0028244174812
UGCIAMH,0,17.0028244174812
METGLCUR,0,-0
ACOAD1fr,0,1000
23DOGULNt4pp,0,-0
FE3DCITexs,0,70.790537205295
FEENTERES,0,-0
FEENTERR4,0,34.704058241293
DXYLONtex,-6.30750961363447e-05,-0
PSURItex,0,-0
ALR2x,0,13.3770312424423
OMPHHXy,0,-0
CHLt3pp,0,442.438075959114
GLYBt3pp,0,442.438075959092
AI2tpp,0,221.219037979535
Ftpp,0,-0
SQVOSI,0,-0
6D6SPA,0,-0
DHPStr,0,-0
SQtr,0,-0
DHPStex,0,-0
FMNtex,0,2.55463813018764
AI2K,0,40.6768954219548
CLBtex,0,-0
ACOXT,0,-0
2HESR,0,-0
CHOLID,0,-0
CHOLATEtpp,0,-0
4ABZGLUH,-4.24145978945364,-0
4ABZGLUtr,-4.24145978945364,-0
PHDA,0,-0
TEO2M,0,-0
PACOAT,0,110.609518989769
CYSItpp,0,-0
DHPTDNR,0,-0
DHPTDNRN,0,-0
PCNO,0,-0
HPACOAT,0,-0
PUACGAMtr,0,-0
DC6PDA,0,-0
5DGLCNR,0,483.614572344245
PIt2rpp,0,884.967097532921
LEUt2rpp,0,442.438075959031
LCTStpp,0,442.438075959027
ILEt3pp,0,442.438075959054
METt3pp,0,176.975230383666
GSNt3pp,0,442.438075959244
CLtipp,0,0.000490741219178945
5DKGR,0,483.614572344244
PItpp,0,884.876151918126
LEUt3pp,0,442.438075959103
INSt3pp,0,442.438075959026
INDOLEt2rpp,0,1000
ILEt2rpp,0,442.438075959103
GLYtpp,0,884.87615191813
PYK6,0,230.753420852637
FADt,0,1.6770426825105
FADtex,0,1.67704268251055
AI2abcpp,0,221.21903797956
PAI2I,0,40.6768954219548
4HBZt3pp,0,-0
CURR,0,-0
LKDRA,0,-0
METNA,0,-0
XYHDL,0,-0
2DGLCtex,0,-0
E4PP,0,-0
PUACGAMS,0,-0
RU5PP,0,-0
6D6SFK,0,-0
3SLAR,0,-0
SQtex,0,-0
MOX,0,115.246523549276
URATEtex,0,-0
CBL1tonex,0,-0
CBItonex,0,-0
ARHGDx,0,-0
CPL,0,-0
CH4t2pp,0,-0
INOSTO,0,-0
HPYRP,0,221.219037979567
PSURIK,0,-0
Ftex,0,-0
CYSItex,0,-0
SERtpp,0,884.876151918215
QUINDHyi,0,-0
DHGLYH,0,3.46259074640288
PNSPA,0,-0
4HTHRK,0,6.30750961826687e-05
URATEtpp,0,-0
CS1tex,0,-0
ADOCBLtonex,0,-0
PETNT181pp,0,0.379462942267455
ARMEPNS,0,-0
RPNTPH,0,-0
PRCPD,0,-0
MEPNtex,0,-0
UDPGPT,0,-0
MEPNabcpp,0,-0
OMMBLHXy,0,-0
OPHHXy,0,2.10250320608847e-05
PROD3,0,121.825991086312
F1PP,0,-0
ACP1p,0,-0
3HPADHi,0,-0
4ABZGLUtex,-4.24145978945444,-0
2HPTCOAT,0,-0
MC6PH,0,-0
SLNTabcpp,0,-0
VALt2rpp,0,442.438075959064
VALt3pp,0,442.438075959132
MN2tipp,0,1000
PSURItpp,0,-0
CYSTA,0,-0
FE3DCITR5,0,-0
4HTHRA,-6.30750961363447e-05,-0
GAPP,0,221.21903797955
METGLCURt2pp,0,-0
METGLCURtex,0,-0
FMNt,0,2.55463813018762
AI2tex,-9.13875812298841,-0
PAI2T,0,40.6768954219548
CUt2pp,0,-0
DHCURR,0,-0
RHMND,0,-0
3HBZCT,0,-0
CXSAMS,0,-0
THRt2rpp,0,442.438075959049
SERt2rpp,0,884.876151918206
ACOAD1f,0,1000
AMPNTAT,0,-0
SQGH,0,-0
URAtpp,0,884.876151918211
ASPtpp,-1000,1000
FUMt1pp,-1000,1000
SUCCt1pp,-1000,1000
QUINDH,0,-0
LCARSyi,0,483.614572344255
BIOMASS_Ec_iML1515_core_75p37M,0.0942826549815456,0.0942826549815456
BIOMASS_Ec_iML1515_WT_75p37M,0,-0
