RxnID,Pathway,fasta_id,smiles,pred_log10[kcat(s^-1)],pred_log10[Km(mM)],pred_log10[kcat/Km(s^-1mM^-1)]
BCACT,Butanoate metabolism,A0A2K3E2G5_wild,CC(=O)[O-],0.557159364,-0.538814127,0.57992208
BCACT,Butanoate metabolism,A0A2K3DZC7_wild,CC(=O)[O-],0.404714346,-0.258259624,0.433023453
BCACT,Butanoate metabolism,A0A2K3DNZ6_wild,CC(=O)[O-],-0.125305519,-0.013044563,0.152923703
BCACT,Butanoate metabolism,A0A2K3DLL1_wild,CC(=O)[O-],0.691531897,-0.017494325,0.512149453
BCACT,Butanoate metabolism,A0A2K3DAQ7_wild,CC(=O)[O-],0.790720403,0.343682677,0.344792813
BCACT,Butanoate metabolism,A0A2K3CQJ6_wild,CC(=O)[O-],1.066419125,0.283265769,1.106393814
BCACT,Butanoate metabolism,A0A2K3E2G5_wild,CCCC(=O)SCCNC(=O)CCNC(=O)[C@@H](C(C)(C)COP(=O)(O)OP(=O)(O)OC[C@@H]1[C@H]([C@H]([C@@H](O1)N2C=NC3=C(N=CN=C32)N)O)OP(=O)(O)O)O,0.369871765,-1.981536627,1.403690577
BCACT,Butanoate metabolism,A0A2K3DZC7_wild,CCCC(=O)SCCNC(=O)CCNC(=O)[C@@H](C(C)(C)COP(=O)(O)OP(=O)(O)OC[C@@H]1[C@H]([C@H]([C@@H](O1)N2C=NC3=C(N=CN=C32)N)O)OP(=O)(O)O)O,0.14835678,-1.834969878,1.211177468
BCACT,Butanoate metabolism,A0A2K3DNZ6_wild,CCCC(=O)SCCNC(=O)CCNC(=O)[C@@H](C(C)(C)COP(=O)(O)OP(=O)(O)OC[C@@H]1[C@H]([C@H]([C@@H](O1)N2C=NC3=C(N=CN=C32)N)O)OP(=O)(O)O)O,-0.326837718,-1.756821394,1.138527632
BCACT,Butanoate metabolism,A0A2K3DLL1_wild,CCCC(=O)SCCNC(=O)CCNC(=O)[C@@H](C(C)(C)COP(=O)(O)OP(=O)(O)OC[C@@H]1[C@H]([C@H]([C@@H](O1)N2C=NC3=C(N=CN=C32)N)O)OP(=O)(O)O)O,0.544778168,-1.561565995,1.502450705
BCACT,Butanoate metabolism,A0A2K3DAQ7_wild,CCCC(=O)SCCNC(=O)CCNC(=O)[C@@H](C(C)(C)COP(=O)(O)OP(=O)(O)OC[C@@H]1[C@H]([C@H]([C@@H](O1)N2C=NC3=C(N=CN=C32)N)O)OP(=O)(O)O)O,0.70436132,-1.239317179,1.205349207
BCACT,Butanoate metabolism,A0A2K3CQJ6_wild,CCCC(=O)SCCNC(=O)CCNC(=O)[C@@H](C(C)(C)COP(=O)(O)OP(=O)(O)OC[C@@H]1[C@H]([C@H]([C@@H](O1)N2C=NC3=C(N=CN=C32)N)O)OP(=O)(O)O)O,1.047926545,-1.332274675,2.21142292
NTD1,Pyrimidine metabolism,A0A2K3E1I1_wild,C1[C@@H]([C@H](O[C@H]1N2C=CC(=O)NC2=O)COP(=O)(O)O)O,0.492653847,-1.64084661,1.498466969
NTD1,Pyrimidine metabolism,A0A2K3DV71_wild,C1[C@@H]([C@H](O[C@H]1N2C=CC(=O)NC2=O)COP(=O)(O)O)O,-1.729598403,-1.876322389,-0.392208397
NTD1,Pyrimidine metabolism,A0A2K3DVK5_wild,C1[C@@H]([C@H](O[C@H]1N2C=CC(=O)NC2=O)COP(=O)(O)O)O,0.58008498,-1.212922812,1.115155935
NTD1,Pyrimidine metabolism,A0A2K3DWM0_wild,C1[C@@H]([C@H](O[C@H]1N2C=CC(=O)NC2=O)COP(=O)(O)O)O,-0.450793564,-1.777340531,0.79759407
NTD1,Pyrimidine metabolism,A0A2K3E1I1_wild,O,1.786944389,-0.421696812,1.44786346
NTD1,Pyrimidine metabolism,A0A2K3DV71_wild,O,-0.639508724,-0.775533915,-0.563954651
NTD1,Pyrimidine metabolism,A0A2K3DVK5_wild,O,1.790811181,-0.263372511,1.144142747
NTD1,Pyrimidine metabolism,A0A2K3DWM0_wild,O,0.677558482,-0.7919209,0.710161388
PLDAGAT1601819Z18111Z1,Glycerolipid metabolism,A0A2K3E2G5_wild,CCCCCCCCCCCCCCCC(=O)OC[C@H](CO)OC(=O)CCCCCCC/C=C\CCCCCCCC,0.238042071,-1.802229881,1.224108338
PLDAGAT1601819Z18111Z1,Glycerolipid metabolism,A0A2K3E2G5_wild,CCCCCCCCCCCCCCCC(=O)OC[C@H](COP(=O)(O)O)OC(=O)CCCCCCCCC/C=C\CCCCCC,0.075964838,-2.150913715,1.168073893
PLDAGAT1601819Z1819Z2,Glycerolipid metabolism,Q9FYU1_wild,CCCCCCCCCCCCCCCC(=O)OC[C@H](CO)OC(=O)CCCCCCC/C=C\CCCCCCCC,0.288809866,-1.183649898,1.051802993
PLDAGAT1601819Z1819Z2,Glycerolipid metabolism,Q9FYU1_wild,CCCCCCCCCCCCCCCCCC(=O)OC[C@H](COP(=O)(O)O)OC(=O)CCCCCCC/C=C\CCCCCCCC,0.191681415,-1.402533054,1.035706162
PLDAGAT1801819Z18111Z2,Glycerolipid metabolism,A0A2K3DZP9_wild,CCCCCCCCCCCCCCCCCC(=O)OC[C@H](CO)OC(=O)CCCCCCC/C=C\CCCCCCCC,-0.661706209,-1.984161019,0.993400276
PLDAGAT1801819Z18111Z2,Glycerolipid metabolism,A0A2K3DZP9_wild,CCCCCC/C=C\CCCCCCCCCC(=O)OC[C@H](COP(=O)(O)O)OC(=O)CCCCCCCCC/C=C\CCCCCC,-0.675766766,-2.275033951,1.047960043
PLDAGAT18111Z18111Z18111Z1,Glycerolipid metabolism,A0A2K3E729_wild,CCCCCC/C=C\CCCCCCCCCC(=O)OC[C@H](CO)OC(=O)CCCCCCCCC/C=C\CCCCCC,0.928644955,-1.493449688,1.858682275
PLDAGAT18111Z18111Z18111Z1,Glycerolipid metabolism,A0A2K3E729_wild,CCCCCCCCCCCCCCCC(=O)OC[C@H](COP(=O)(O)O)OC(=O)CCCCCCCCC/C=C\CCCCCC,0.85607034,-1.863633871,1.872214675
PLDAGAT18111Z1819Z18111Z1,Glycerolipid metabolism,A0A2K3DTR3_wild,CCCCCC/C=C\CCCCCCCCCC(=O)OC[C@H](CO)OC(=O)CCCCCCC/C=C\CCCCCCCC,1.187745214,-0.915953755,2.16945076
PLDAGAT18111Z1819Z18111Z1,Glycerolipid metabolism,A0A2K3DTR3_wild,CCCCCCCCCCCCCCCC(=O)OC[C@H](COP(=O)(O)O)OC(=O)CCCCCCCCC/C=C\CCCCCC,0.931277633,-1.233721614,2.085256815
PLDAGAT1819Z18111Z18111Z3,Glycerolipid metabolism,A0A2K3CWP3_wild,CCCCCCCC/C=C\CCCCCCCC(=O)OC[C@H](CO)OC(=O)CCCCCCCCC/C=C\CCCCCC,-0.198095232,-2.266463757,1.338098764
PLDAGAT1819Z18111Z18111Z3,Glycerolipid metabolism,A0A2K3CWP3_wild,CCCCCCCC/C=C\CCCCCCCC(=O)OC[C@H](COP(=O)(O)O)OC(=O)CCCCCCCCC/C=C\CCCCCC,-0.219730526,-2.522771358,1.379475594
PLDAGAT1819Z1819Z18111Z1,Glycerolipid metabolism,A0A2K3CY11_wild,CCCCCCCC/C=C\CCCCCCCC(=O)OC[C@H](CO)OC(=O)CCCCCCC/C=C\CCCCCCCC,-0.08076857,-0.880386174,0.769041598
PLDAGAT1819Z1819Z18111Z1,Glycerolipid metabolism,A0A2K3CY11_wild,CCCCCCCCCCCCCCCC(=O)OC[C@H](COP(=O)(O)O)OC(=O)CCCCCCCCC/C=C\CCCCCC,-0.062432062,-1.125417113,0.796341538
PLDAGAT1819Z1819Z18111Z2,Glycerolipid metabolism,A0A2K3DW75_wild,CCCCCCCC/C=C\CCCCCCCC(=O)OC[C@H](CO)OC(=O)CCCCCCC/C=C\CCCCCCCC,-1.407595038,-1.365727425,0.095148146
PLDAGAT1819Z1819Z18111Z2,Glycerolipid metabolism,A0A2K3DW75_wild,CCCCCC/C=C\CCCCCCCCCC(=O)OC[C@H](COP(=O)(O)O)OC(=O)CCCCCCCCC/C=C\CCCCCC,-1.463837147,-1.569420576,0.075013183